Tweet_ID,NER_Text,Start_Pos,Eng_Pos,NER_Label,Prob
1607634663690108928,rubenmalora,11,22,PER,0.9983
1607632372475875328,covid-19,60,68,MISC,0.9999
1607632372475875328,venezuela,72,81,LOC,1.0
1607632403245178880,mileniojalisco,4,18,ORG,0.9997
1607632403245178880,jalisco,28,35,ORG,0.5243
1607632973838401537,aragón,138,144,LOC,0.9991
1607633021460697089,amnistiaespana,4,18,ORG,0.8922
1607633021460697089,maría,25,30,PER,0.9962
1607633819305390082,msequeyro,4,13,PER,0.5054
1607634614201503745,drpacomoreno1,4,17,PER,0.9995
1607634614201503745,china,22,27,LOC,0.9993
1607635401707081730,faithful,4,12,PER,0.7301
1607635401707081730,bil gates,55,64,PER,0.999
1607636107109502977,anamariferb,4,15,ORG,0.7007
1607636107109502977,darpa,20,25,ORG,1.0
1607636107109502977,covid,76,81,MISC,0.9998
1607636411783720962,drpacomoreno1,4,17,PER,0.9995
1607636411783720962,china,22,27,LOC,0.9993
1607636594520883201,amnistiaespana,4,18,ORG,0.8922
1607636594520883201,maría,25,30,PER,0.9962
1607636760426868736,noalcomunismo,5,18,MISC,0.9348
1607636760426868736,xi jinping,20,30,PER,0.9997
1607636760426868736,china,98,103,LOC,1.0
1607637197016166412,myworldofdjs,4,16,ORG,0.9946
1607637197016166412,christian drosten,18,35,PER,0.9997
1607637197016166412,charité,68,75,ORG,0.9993
1607637197016166412,alemania,93,101,LOC,0.9999
1607637197016166412,berlín,103,109,LOC,1.0
1607637441153835009,cubacooperaven,4,18,ORG,0.9975
1607637441153835009,japón,20,25,LOC,0.9959
1607637441153835009,sars-cov-2,95,105,MISC,0.9999
1607637441153835009,covid-19,122,130,MISC,0.9999
1607637529829810179,sepaque,0,7,ORG,0.5831
1607637529829810179,christian drosten,8,25,PER,0.9996
1607637529829810179,covid19,107,114,MISC,0.9999
1607637725938843648,cdilaa,4,10,ORG,0.9999
1607637725938843648,covid19,34,41,MISC,0.9984
1607637757681356802,cdilaa,4,10,ORG,0.9999
1607637757681356802,covid19,34,41,MISC,0.9997
1607637757681356802,ómicron,70,77,MISC,0.9977
1607637849309945856,cdilaa,4,10,ORG,0.9999
1607637849309945856,covid19,34,41,MISC,0.9998
1607637849309945856,ómicron,94,101,MISC,0.9999
1607637965286608896,latinus_us,4,14,ORG,0.5086
1607637965286608896,slp,16,19,ORG,0.9999
1607637965286608896,covid19,91,98,MISC,0.9998
1607637965286608896,coronavirus latinus informaciónpara,100,135,MISC,0.9588
1607638369856802821,noalcomunismo,5,18,MISC,0.9859
1607638369856802821,china,20,25,ORG,0.9947
1607638369856802821,covid,49,54,MISC,0.9851
1607638369856802821,pekín,55,60,ORG,0.9856
1607638913430212608,latinus_us,4,14,ORG,0.5086
1607638913430212608,slp,16,19,ORG,0.9999
1607638913430212608,covid19,91,98,MISC,0.9998
1607638913430212608,coronavirus latinus informaciónpara,100,135,MISC,0.9588
1607638958460260352,buenrolloreturn,1,16,MISC,0.5974
1607639212937072641,m2cyndy,4,11,ORG,0.9003
1607639212937072641,covid-19,35,43,MISC,0.9998
1607639358185545731,buenrolloreturn,4,19,MISC,0.5099
1607639358185545731,google,35,41,MISC,0.986
1607639776718381056,carolinapazlor1,4,19,PER,0.997
1607639776718381056,covid19,128,135,MISC,0.9998
1607640980907511808,idiazaquso,4,14,PER,0.9973
1607641765007486976,drpacomoreno1,4,17,PER,0.9995
1607641765007486976,china,22,27,LOC,0.9993
1607642240498925569,amnistiaespana,4,18,ORG,0.8922
1607642240498925569,maría,25,30,PER,0.9962
1607642339073196032,doctormacias,1,13,PER,0.395
1607642339073196032,adrylefl,15,23,PER,0.3668
1607642339073196032,china,42,47,LOC,0.9999
1607642339073196032,alf_argzz,120,129,PER,0.998
1607642886501273600,china,0,5,ORG,0.9893
1607642989656150016,leniemadriles,1,14,PER,0.4794
1607642989656150016,alvaronieto,16,27,PER,0.5127
1607642989656150016,petronas,81,89,ORG,0.9694
1607643698061262849,sanidad,0,7,MISC,0.9973
1607644058918481920,telemadrid,4,14,ORG,0.9986
1607644058918481920,china,16,21,ORG,0.9926
1607644167982968833,drpacomoreno1,4,17,PER,0.9995
1607644167982968833,china,22,27,LOC,0.9993
1607644256705089540,franco60renzo,4,17,PER,0.829
1607644436208435202,israel,1,7,LOC,0.9999
1607644436208435202,instituto biológico,25,44,ORG,0.9999
1607644436208435202,menadelpsicologia,171,188,MISC,0.9996
1607644436208435202,mijaspueblo,189,200,MISC,0.9096
1607644436208435202,ins,272,275,ORG,0.9985
1607645081883885569,efectococuyo,4,16,ORG,0.7661
1607645081883885569,sepaque,18,25,ORG,0.7848
1607645081883885569,christian drosten,26,43,PER,0.9991
1607645081883885569,covid19,125,132,MISC,0.9999
1607646803029262337,lucaslealmontes,4,19,PER,0.9996
1607646803029262337,sars-cov-2,49,59,MISC,0.9998
1607646803029262337,ek1c4,83,88,MISC,0.9999
1607646816769564673,@c_drosten,57,67,PER,0.9606
1607646820095631361,miguel_leiva,4,16,PER,0.9998
1607646820095631361,hong kong,42,51,LOC,0.9999
1607646820095631361,covid-19,105,113,MISC,0.9999
1607646913402400769,robertopradoram,1,16,PER,0.9994
1607646913402400769,rglarquitecto,18,31,ORG,0.5223
1607646913402400769,zaragoza,35,43,PER,0.5425
1607646913402400769,iglesias,139,147,PER,0.9999
1607633674094403586,juliorazona,4,15,PER,0.9992
1607633674094403586,claudio zin,17,28,PER,0.9999
1607633674094403586,estol,30,35,PER,0.9999
1607633674094403586,lópez,37,42,PER,0.9999
1607633674094403586,cormillot,44,53,PER,1.0
1607633674094403586,vizzoti,55,62,PER,1.0
1607633674094403586,haití,105,110,LOC,0.9998
1607633681035796482,cataluña,72,80,LOC,1.0
1607633681035796482,govern,103,109,ORG,0.9999
1607633689562812417,hectorrossete,4,17,PER,0.9997
1607633691609636866,gobierno ayuso,43,57,ORG,0.9998
1607633691609636866,protocolo,68,77,MISC,0.9999
1607633705031405568,mexxxikn0,4,13,PER,0.8252
1607633705031405568,rosa icela,54,64,PER,0.9999
1607633705031405568,ejército,93,101,ORG,1.0
1607633705031405568,marina,109,115,ORG,0.9999
1607633705031405568,secretario,128,138,PER,0.9777
1607633709993234433,insst,4,9,ORG,1.0
1607633709993234433,mites,10,15,ORG,0.9999
1607633709993234433,gob,16,19,ORG,0.9999
1607633709993234433,co,137,139,MISC,0.995
1607633710890762245,corte,12,17,ORG,0.9996
1607633710890762245,uc,44,46,ORG,0.9999
1607633712354656256,juliorazona,4,15,PER,0.9986
1607633712354656256,covid,79,84,PER,0.9998
1607633720478994433,asesor principal del covid,19,45,PER,0.9992
1607633720478994433,casa blanca,52,63,ORG,0.9997
1607633720478994433,dr,65,68,PER,0.9976
1607633720478994433,ashish jha,69,79,PER,0.9998
1607633747406381058,lrsecreta,4,13,ORG,0.9887
1607633747406381058,eeuu,78,82,LOC,0.9999
1607633800661553152,pfizer,82,88,PER,0.994
1607633800661553152,fda,113,116,ORG,0.9999
1607633844282212352,mariaeva40451,4,17,PER,0.953
1607633844282212352,covid,54,59,MISC,0.9228
1607633860627423232,luisoliverio,4,16,PER,0.996
1607633860627423232,covid-19,69,77,MISC,0.9998
1607633900825616384,covid,79,84,MISC,0.9998
1607633913530171393,ernestoekaizer,4,18,PER,0.9998
1607633913530171393,pobretrevijano,20,34,MISC,0.8689
1607633913530171393,el país,122,129,ORG,0.9999
1607633940214317058,yasminesquivel,24,38,PER,0.9994
1607633940214317058,covid,111,116,ORG,1.0
1607633955506765825,gobierno ayuso,43,57,ORG,0.9998
1607633955506765825,protocolo,68,77,MISC,0.9999
1607633996967546882,lanacion,4,12,ORG,0.9967
1607633996967546882,agn,36,39,ORG,0.9999
1607633996967546882,covid-19,97,105,MISC,0.9998
1607633996967546882,ministerio de salud,118,137,ORG,0.9999
1607634086759219200,ei,4,6,ORG,0.9999
1607634086759219200,covid,49,54,MISC,0.9964
1607634102915846144,sayjucordoba,4,16,PER,0.9851
1607634102915846144,españa,43,49,LOC,1.0
1607634106354962433,alejandro sanz,2,16,PER,0.999
1607634106354962433,valladolid,94,104,LOC,1.0
1607634106354962433,covid-19,169,177,MISC,0.9998
1607634106354962433,musicandrock,209,221,MISC,0.976
1607634133299208193,vox,14,17,ORG,0.9999
1607634143256666112,jjdiazmachuca,4,17,PER,0.3142
1607634143256666112,china,56,61,LOC,1.0
1607634143256666112,covid,101,106,MISC,0.8939
1607634187636604933,rwmalonemd,1,11,MISC,0.8595
1607634187636604933,fda,172,175,ORG,0.9999
1607634203797250048,lanacion,4,12,ORG,0.9967
1607634203797250048,agn,36,39,ORG,0.9999
1607634203797250048,covid-19,97,105,MISC,0.9998
1607634203797250048,ministerio de salud,118,137,ORG,0.9999
1607634263695843328,comisión de salud de china,46,72,ORG,0.9999
1607634263695843328,covid,111,116,MISC,0.9996
1607634265008934914,gobierno ayuso,43,57,ORG,0.9998
1607634265008934914,protocolo,68,77,MISC,0.9999
1607634294520057857,yasminesquivel,24,38,PER,0.9994
1607634294520057857,covid,111,116,ORG,1.0
1607634296730271747,cataluña,72,80,LOC,1.0
1607634296730271747,govern,103,109,ORG,0.9999
1607634309485137927,buenrolloreturn,4,19,MISC,0.5338
1607634309485137927,europa,24,30,LOC,1.0
1607634309485137927,áfrica,94,100,LOC,1.0
1607634339336183810,gobierno ayuso,43,57,ORG,0.9998
1607634339336183810,protocolo,68,77,MISC,0.9999
1607634339495579650,gobierno ayuso,43,57,ORG,0.9998
1607634339495579650,protocolo,68,77,MISC,0.9999
1607634358961340418,gobierno ayuso,43,57,ORG,0.9998
1607634358961340418,protocolo,68,77,MISC,0.9999
1607634362144522240,gobierno ayuso,43,57,ORG,0.9998
1607634362144522240,protocolo,68,77,MISC,0.9999
1607634364812361729,javiermoyavox,4,17,PER,0.9995
1607634364812361729,aseem malhotra,33,47,PER,0.9998
1607634364812361729,ar,137,139,MISC,0.9993
1607634402787336194,gobierno ayuso,43,57,ORG,0.9998
1607634402787336194,protocolo,68,77,MISC,0.9999
1607634433414410240,españa,73,79,LOC,1.0
1607634444210376706,c-la mancha,72,83,LOC,0.9999
1607634444210376706,gob,136,139,ORG,0.9993
1607634453802762240,elmundoes,4,13,ORG,0.9958
1607634453802762240,shanghai,60,68,LOC,1.0
1607634460496871425,gobierno ayuso,43,57,ORG,0.9998
1607634460496871425,protocolo,68,77,MISC,0.9999
1607634462527082496,gobierno ayuso,43,57,ORG,0.9998
1607634462527082496,protocolo,68,77,MISC,0.9999
1607634466033532928,verownika,4,13,PER,0.9952
1607634466033532928,covid,43,48,MISC,0.9996
1607634475189510144,lucaslealmontes,4,19,PER,0.9999
1607634475189510144,sars-cov2,114,123,MISC,0.9999
1607634505510096896,castilla y león,72,87,LOC,0.9994
1607634510052724738,gobierno ayuso,43,57,ORG,0.9998
1607634510052724738,protocolo,68,77,MISC,0.9999
1607634537043066881,yasminesquivel,24,38,PER,0.9994
1607634537043066881,covid,111,116,ORG,1.0
1607634540960583681,yasminesquivel,24,38,PER,0.9994
1607634540960583681,covid,111,116,ORG,1.0
1607634544403922946,españa,61,67,LOC,1.0
1607634544403922946,ccaa,225,229,ORG,0.9943
1607634548640071680,covid,47,52,MISC,0.9998
1607634565039800321,cataluña,72,80,LOC,1.0
1607634565039800321,govern,103,109,ORG,0.9999
1607634612477480960,shanghai,134,142,LOC,1.0
1607634612477480960,internacional,205,218,MISC,0.6913
1607634622749487104,gobierno ayuso,43,57,ORG,0.9998
1607634622749487104,protocolo,68,77,MISC,0.9999
1607634626163392512,gobierno ayuso,43,57,ORG,0.9998
1607634626163392512,protocolo,68,77,MISC,0.9999
1607634643603394560,combatientessur,4,19,ORG,0.9981
1607634643603394560,federación rusa,39,54,ORG,0.9999
1607634643603394560,estados unidos,63,77,ORG,0.9999
1607634648636481537,fda,16,19,ORG,0.9998
1607634648636481537,pfizer,44,50,MISC,0.9951
1607634648636481537,agenda2030,79,89,MISC,0.9213
1607634648636481537,plandemia covid,90,105,MISC,0.9153
1607634680869965824,hectorrossete,4,17,PER,0.9997
1607634695143198721,nachorgz,4,12,PER,0.9916
1607634695143198721,rey del cash,81,93,MISC,0.9999
1607634695143198721,ladychanel,112,122,PER,0.9969
1607634706845007872,gacetamedicacom,4,19,ORG,0.9955
1607634706845007872,covid19,25,32,MISC,0.9998
1607634706845007872,sociedad español,122,138,ORG,0.9468
1607634708879351808,taniamelnick,4,16,PER,0.9991
1607634708879351808,covid,99,104,MISC,0.997
1607634759374733312,hectorrossete,4,17,PER,0.9997
1607634773400510464,yasminesquivel,24,38,PER,0.9994
1607634773400510464,covid,111,116,ORG,1.0
1607634783194042368,saavedram,6,15,ORG,0.7547
1607634783194042368,covid,73,78,MISC,0.9998
1607634785140183040,izarraldet,4,14,PER,0.9865
1607634825795584001,yasminesquivel,24,38,PER,0.9994
1607634825795584001,covid,111,116,ORG,1.0
1607637474557190145,castilla y león,72,87,LOC,0.9994
1607637492035117062,c-la mancha,72,83,LOC,0.9999
1607637492035117062,gob,136,139,ORG,0.9993
1607637495625453570,yasminesquivel,24,38,PER,0.9994
1607637495625453570,covid,111,116,ORG,1.0
1607637501954621440,lanacion,17,25,PER,0.9965
1607637501954621440,cecilia,68,75,PER,0.9998
1607637501954621440,covid 19,95,103,MISC,0.9994
1607637556484505601,gobierno ayuso,43,57,ORG,0.9998
1607637556484505601,protocolo,68,77,MISC,0.9999
1607637627603406850,manuelmuro5,4,15,PER,0.9837
1607637627603406850,covid,93,98,MISC,0.9998
1607637633609666563,soyeon,11,17,PER,0.9997
1607637644250324997,gobierno ayuso,43,57,ORG,0.9998
1607637644250324997,protocolo,68,77,MISC,0.9999
1607637645240438784,covid,25,30,MISC,0.9993
1607637650730807296,emmarincon,4,14,PER,0.9986
1607637650730807296,haití,68,73,LOC,0.9999
1607637665591050241,gobierno ayuso,43,57,ORG,0.9998
1607637665591050241,protocolo,68,77,MISC,0.9999
1607637746335756288,eduardomenoni,4,17,PER,0.9366
1607637746335756288,china,57,62,LOC,0.9995
1607637746335756288,covid,130,135,MISC,0.9985
1607637749451857921,finanzas,4,12,ORG,0.9693
1607637749451857921,times,13,18,ORG,0.9407
1607637749451857921,alemania,23,31,LOC,1.0
1607637749451857921,covid covid19,114,127,MISC,0.9988
1607637776312438784,covid,8,13,PER,0.8389
1607637853206364162,ernestoekaizer,4,18,PER,0.9998
1607637853206364162,pobretrevijano,20,34,MISC,0.532
1607637853206364162,pedro gonzález-trevijano,86,110,PER,0.9999
1607637853206364162,tc,127,129,ORG,0.9999
1607637857325260800,covid,24,29,ORG,0.9999
1607637857325260800,casa blanca,36,47,ORG,0.9995
1607637857325260800,dr ashish jha,52,66,PER,0.9953
1607637861154570242,covid,35,40,MISC,0.9981
1607637865449811969,emmarincon,4,14,PER,0.9986
1607637865449811969,haití,68,73,LOC,0.9999
1607637894117605378,grouchopinchado,4,19,PER,0.9952
1607637896508358656,pfizer,82,88,PER,0.994
1607637896508358656,fda,113,116,ORG,0.9999
1607637924459446272,gobierno ayuso,43,57,ORG,0.9998
1607637924459446272,protocolo,68,77,MISC,0.9999
1607637925046394880,china,60,65,LOC,1.0
1607637925046394880,covid 19,70,78,MISC,0.9998
1607637926975868928,cataluña,72,80,LOC,1.0
1607637926975868928,govern,103,109,ORG,0.9999
1607637937939685376,gobierno ayuso,43,57,ORG,0.9998
1607637937939685376,protocolo,68,77,MISC,0.9999
1607637955765571584,covid,1,6,PER,0.9999
1607637955765571584,escritor español,50,66,MISC,0.5518
1607637955765571584,petrusvil,67,76,PER,0.996
1607637955765571584,japalpilpa,78,88,MISC,0.9998
1607637970772791296,isabel gonzález,0,15,PER,0.9999
1607637970772791296,pleno,29,34,ORG,0.999
1607637970772791296,fernanda,61,69,PER,0.9993
1607637970772791296,bernarda de utrera,72,90,PER,0.9999
1607637970772791296,covid-19,125,133,MISC,0.9999
1607637970772791296,utreraweb,135,144,MISC,0.7456
1607637970772791296,utrera,158,164,LOC,0.9998
1607637978884489218,marthamarco,4,15,ORG,0.4931
1607637985905762304,china,60,65,LOC,1.0
1607637985905762304,covid 19,70,78,MISC,0.9998
1607638012799713283,heshlem,4,11,ORG,0.7265
1607638012799713283,dr,13,16,PER,0.9935
1607638012799713283,luis de benito,17,31,PER,0.9078
1607638012799713283,medicina,47,55,MISC,0.9978
1607638012799713283,cirugía,58,65,MISC,0.9923
1607638012799713283,biología celular,81,97,MISC,0.9817
1607638012799713283,covid,127,132,MISC,0.9999
1607638017153564675,abigailbouquet,1,15,PER,0.9998
1607638048468074496,heshlem,4,11,ORG,0.7265
1607638048468074496,dr,13,16,PER,0.9935
1607638048468074496,luis de benito,17,31,PER,0.9078
1607638048468074496,medicina,47,55,MISC,0.9978
1607638048468074496,cirugía,58,65,MISC,0.9923
1607638048468074496,biología celular,81,97,MISC,0.9817
1607638048468074496,covid,127,132,MISC,0.9999
1607638114062991365,runner7474,4,14,MISC,0.5884
1607638114062991365,china,62,67,LOC,0.9999
1607638114062991365,covid,75,80,MISC,0.9998
1607638114062991365,palacio de hielo,99,115,LOC,0.9999
1607638114062991365,madrid,119,125,LOC,0.9998
1607638155930505216,castilla y león,72,87,LOC,0.9994
1607638163597524992,españa,73,79,LOC,1.0
1607638163803066368,yasminesquivel,24,38,PER,0.9994
1607638163803066368,covid,111,116,ORG,1.0
1607638201728126976,leo,4,7,ORG,0.8464
1607638201728126976,ginés,127,132,PER,1.0
1607638204194377729,jimenezlessons4,4,19,PER,0.985
1607638204194377729,eeuu,50,54,LOC,0.9999
1607638204194377729,covid,98,103,MISC,0.9998
1607638230962409472,laurabr62667043,4,19,PER,0.9997
1607638258976198656,vecina,4,10,MISC,0.9031
1607638258976198656,turbocancer,75,86,MISC,0.997
1607638258976198656,covid,132,137,MISC,0.9999
1607638292819808256,new york,110,118,LOC,1.0
1607638305922863104,covid,3,8,MISC,0.9994
1607638305922863104,china,12,17,LOC,0.9999
1607638305922863104,covid,166,171,MISC,0.9998
1607638328718893056,covid,29,34,ORG,0.9992
1607638333232140292,gobierno ayuso,43,57,ORG,0.9998
1607638333232140292,protocolo,68,77,MISC,0.9999
1607638337233231878,prohibidosaber,4,18,ORG,0.4748
1607638337233231878,covid,44,49,ORG,0.9999
1607638337233231878,casa blanca,56,67,ORG,0.9998
1607638337233231878,dr ashish jha,72,86,PER,0.9907
1607638338667683843,monicaabruno,4,16,PER,0.9998
1607638338667683843,@,30,31,PER,0.7209
1607638338667683843,furmanelias,31,42,PER,0.7993
1607638339540377600,cataluña,72,80,LOC,1.0
1607638339540377600,govern,103,109,ORG,0.9999
1607638340018339840,lanacion,4,12,ORG,0.9967
1607638340018339840,agn,36,39,ORG,0.9999
1607638340018339840,covid-19,97,105,MISC,0.9998
1607638340018339840,ministerio de salud,118,137,ORG,0.9999
1607638344388775936,sercompany,4,14,ORG,0.9979
1607638344388775936,covid,33,38,ORG,0.9999
1607638359387656197,gobierno ayuso,43,57,ORG,0.9998
1607638359387656197,protocolo,68,77,MISC,0.9999
1607638385191010305,covid,40,45,ORG,0.9995
1607638407177732099,b_estefan,4,13,PER,0.9754
1607638407177732099,china,18,23,LOC,0.9999
1607638407177732099,covid 19,41,49,MISC,0.9998
1607638407177732099,comisión nacional de salud,83,109,ORG,0.9999
1607638409903853569,gobierno ayuso,43,57,ORG,0.9998
1607638409903853569,protocolo,68,77,MISC,0.9999
1607638412730982401,gobierno ayuso,43,57,ORG,0.9998
1607638412730982401,protocolo,68,77,MISC,0.9999
1607638468167106566,carnetdlapatria,4,19,ORG,0.9998
1607638468167106566,sistemapatria,33,46,ORG,0.9995
1607638468167106566,carnetdelapatria,52,68,ORG,0.9999
1607638468167106566,covid-19,99,107,MISC,0.9998
1607638515315097601,sector,10,16,ORG,0.8058
1607638515315097601,covid-19,64,72,MISC,0.9996
1607638515315097601,tlaxcala,76,84,LOC,0.9999
1607638532285161472,atypicalteve,4,16,MISC,0.8224
1607638532285161472,salud,37,42,MISC,0.9999
1607638532285161472,josé narro,44,54,PER,0.9999
1607638532285161472,jorge alcocer,98,111,PER,1.0
1607638533660966912,gobierno ayuso,43,57,ORG,0.9998
1607638533660966912,protocolo,68,77,MISC,0.9999
1607638541672091649,jdiegoarroyo,4,16,PER,0.9739
1607638541672091649,covid,48,53,MISC,0.9988
1607638541672091649,china,63,68,ORG,0.9995
1607638578041090049,temporadaotoñoinvierno,25,47,MISC,0.8787
1607638578041090049,covid19,109,116,MISC,0.9986
1607638641509109762,castilla y león,72,87,LOC,0.9994
1607638655543164928,gobierno ayuso,43,57,ORG,0.9998
1607638655543164928,protocolo,68,77,MISC,0.9999
1607638655816052737,covid-19,65,73,MISC,0.9998
1607638657128894474,covid-19,65,73,MISC,0.9998
1607641220918005761,covid,24,29,MISC,0.9973
1607641220918005761,china,33,38,LOC,0.9999
1607641223032107009,c-la mancha,72,83,LOC,0.9999
1607641223032107009,gob,136,139,ORG,0.9993
1607641250227707904,españa,73,79,LOC,1.0
1607641259534868482,china,20,25,LOC,0.9999
1607641285141078016,corte,12,17,ORG,0.9996
1607641285141078016,uc,44,46,ORG,0.9999
1607641306914000896,jimenezlessons4,4,19,PER,0.985
1607641306914000896,eeuu,50,54,LOC,0.9999
1607641306914000896,covid,98,103,MISC,0.9998
1607641414925713409,gobierno ayuso,43,57,ORG,0.9998
1607641414925713409,protocolo,68,77,MISC,0.9999
1607641415282040832,portna,4,10,ORG,0.9797
1607641415282040832,covid,52,57,ORG,0.9901
1607641415282040832,pr,61,63,LOC,0.9998
1607641446399590400,virginiasanroma,4,19,PER,0.9896
1607641446399590400,asesor principal del covid,21,47,PER,0.9994
1607641446399590400,casa blanca,54,65,ORG,0.9998
1607641446399590400,dr,67,70,PER,0.9971
1607641446399590400,ashish jha,71,81,PER,0.9999
1607641512405307394,yvevzla,4,11,PER,0.9724
1607641512405307394,lechería,16,24,LOC,0.9998
1607641512405307394,covid,29,34,MISC,0.9994
1607641512405307394,covid,96,101,MISC,0.9996
1607641527848771586,el4topodermx,4,16,ORG,0.9481
1607641527848771586,slp,61,64,LOC,0.9996
1607641527848771586,covid,95,100,MISC,0.9997
1607641536128237569,miyymiyyhande,4,17,PER,0.6365
1607641536128237569,handeerçel,27,37,PER,0.9999
1607641536128237569,elle,53,57,ORG,0.9998
1607641536128237569,mardin,76,82,LOC,1.0
1607641536128237569,covid,108,113,MISC,0.9998
1607641552746151936,buenrolloreturn,4,19,MISC,0.5338
1607641552746151936,europa,24,30,LOC,1.0
1607641552746151936,áfrica,94,100,LOC,1.0
1607641580810407937,covid,24,29,MISC,0.9973
1607641580810407937,china,33,38,LOC,0.9999
1607641582693679105,china,21,26,LOC,0.9999
1607641582693679105,covid,51,56,MISC,0.9983
1607641604961042438,calcientifico,4,17,ORG,0.999
1607641604961042438,araceli hidalgo,41,56,PER,1.0
1607641604961042438,covid-19,112,120,MISC,0.9999
1607641605988564992,prohibidosaber,4,18,ORG,0.7586
1607641633524162560,yasminesquivel,24,38,PER,0.9994
1607641633524162560,covid,111,116,ORG,1.0
1607641638104600577,calcientifico,4,17,ORG,0.9996
1607641638104600577,araceli hidalgo,44,59,PER,1.0
1607641638104600577,covid-19,129,137,MISC,0.9999
1607641642432880640,españa,73,79,LOC,1.0
1607641660888084485,c-la mancha,72,83,LOC,0.9999
1607641660888084485,gob,136,139,ORG,0.9993
1607641669066977280,cataluña,72,80,LOC,1.0
1607641669066977280,govern,103,109,ORG,0.9999
1607641672900567042,china,60,65,LOC,1.0
1607641672900567042,covid 19,70,78,MISC,0.9998
1607641674196336642,airfinity,62,71,ORG,0.9999
1607641674196336642,covid,104,109,MISC,0.9998
1607641674196336642,china,113,118,LOC,0.9999
1607641676322832386,gobierno ayuso,43,57,ORG,0.9998
1607641676322832386,protocolo,68,77,MISC,0.9999
1607641682182373377,covid-19,43,51,MISC,0.9997
1607641682182373377,onu,64,67,ORG,0.9999
1607641685021917192,yonomevacunoo,4,17,PER,0.5265
1607641685021917192,agenda2030,19,29,MISC,0.9978
1607641685021917192,covidvaccines,53,66,MISC,0.9987
1607641685021917192,anny dupery,110,121,PER,0.9999
1607641685021917192,fran,130,134,LOC,0.9268
1607641688377561090,cataluña,72,80,LOC,1.0
1607641688377561090,govern,103,109,ORG,0.9999
1607641708707336193,castilla y león,72,87,LOC,0.9994
1607641726251925505,smashtheeye,4,15,PER,0.3424
1607641734045138945,mariaeva40451,4,17,PER,0.953
1607641734045138945,covid,54,59,MISC,0.9228
1607641737714868225,gobierno ayuso,43,57,ORG,0.9998
1607641737714868225,protocolo,68,77,MISC,0.9999
1607641781080043520,jimenezlessons4,4,19,PER,0.985
1607641781080043520,eeuu,50,54,LOC,0.9999
1607641781080043520,covid,98,103,MISC,0.9998
1607641805868175362,jjdiazmachuca,4,17,PER,0.3142
1607641805868175362,china,56,61,LOC,1.0
1607641805868175362,covid,101,106,MISC,0.8939
1607641861966921728,jjdiazmachuca,4,17,PER,0.3142
1607641861966921728,china,56,61,LOC,1.0
1607641861966921728,covid,101,106,MISC,0.8939
1607641862919147523,lucaslealmontes,4,19,PER,0.9997
1607641865410560001,cataluña,72,80,LOC,1.0
1607641865410560001,govern,103,109,ORG,0.9999
1607641874365566976,jjdiazmachuca,4,17,PER,0.3142
1607641874365566976,china,56,61,LOC,1.0
1607641874365566976,covid,101,106,MISC,0.8939
1607641884284821504,covid,20,25,MISC,0.9999
1607641884284821504,alzheimer,60,69,MISC,0.9998
1607641919601143810,libertadmarta,4,17,ORG,0.9945
1607641929210265605,covid,53,58,MISC,0.9998
1607641930284007429,castilla y león,72,87,LOC,0.9994
1607641933383434241,emmarincon,4,14,PER,0.9986
1607641933383434241,haití,68,73,LOC,0.9999
1607641946272731136,pfizer,89,95,ORG,0.9999
1607641946272731136,astra zeneca,98,110,ORG,0.9999
1607641946272731136,cuba,113,117,LOC,1.0
1607641978518355968,gobierno ayuso,43,57,ORG,0.9998
1607641978518355968,protocolo,68,77,MISC,0.9999
1607642013746200577,yuqi,0,4,PER,0.9963
1607642051222568960,smashtheeye,4,15,PER,0.3424
1607642056226226183,india,6,11,LOC,0.9999
1607642056226226183,covid,65,70,MISC,0.9992
1607642056226226183,españa,127,133,LOC,1.0
1607642056226226183,cetirizina,154,164,MISC,0.9979
1607642064929316864,climarepentino,4,18,ORG,0.986
1607642064929316864,laura jordan,54,66,PER,0.9999
1607642064929316864,ot,81,83,MISC,0.9996
1607642080649613312,covid_19,36,44,MISC,0.9998
1607642080649613312,cambioclimatico,56,71,MISC,0.9999
1607642091944923137,china,60,65,LOC,1.0
1607642091944923137,covid 19,70,78,MISC,0.9998
1607642120692862978,hectorrossete,4,17,PER,0.9997
1607642140888137729,gobierno ayuso,43,57,ORG,0.9998
1607642140888137729,protocolo,68,77,MISC,0.9999
1607642151306788864,covid-19,209,217,MISC,0.9994
1607642151600459781,puup69,1,7,PER,0.9892
1607642151600459781,anacabrera81,9,21,PER,0.9998
1607642151600459781,asia,135,139,LOC,0.9999
1607642151600459781,covid,236,241,MISC,0.9998
1607642151600459781,malaria,268,275,MISC,0.9999
1607642156621254657,jjdiazmachuca,4,17,PER,0.3142
1607642156621254657,china,56,61,LOC,1.0
1607642156621254657,covid,101,106,MISC,0.8939
1607642164418289667,comisión de salud de china,46,72,ORG,0.9999
1607642164418289667,covid,111,116,MISC,0.9996
1607642170416037888,c-la mancha,72,83,LOC,0.9999
1607642170416037888,gob,136,139,ORG,0.9993
1607642179287277569,juliorazona,4,15,PER,0.9992
1607642179287277569,claudio zin,17,28,PER,0.9999
1607642179287277569,estol,30,35,PER,0.9999
1607642179287277569,lópez,37,42,PER,0.9999
1607642179287277569,cormillot,44,53,PER,1.0
1607642179287277569,vizzoti,55,62,PER,1.0
1607642179287277569,haití,105,110,LOC,0.9998
1607642204880932864,manuelmuro5,4,15,PER,0.9837
1607642204880932864,covid,93,98,MISC,0.9998
1607642214334693378,ojopelao,4,12,ORG,0.9996
1607642214334693378,covid-19,42,50,MISC,0.9999
1607642214334693378,venezuela,52,61,LOC,0.9999
1607642222350028800,prohibidosaber,4,18,ORG,0.7586
1607642225546072066,miyymiyyhande,4,17,PER,0.6365
1607642225546072066,handeerçel,27,37,PER,0.9999
1607642225546072066,elle,53,57,ORG,0.9998
1607642225546072066,mardin,76,82,LOC,1.0
1607642225546072066,covid,108,113,MISC,0.9998
1607642241773740032,china,34,39,ORG,0.8937
1607642241773740032,covid,144,149,MISC,0.9991
1607642241773740032,categoría b,163,174,MISC,0.9993
1607642244902699009,yasminesquivel,24,38,PER,0.9994
1607642244902699009,covid,111,116,ORG,1.0
1607642312301252610,yasminesquivel,24,38,PER,0.9994
1607642312301252610,covid,111,116,ORG,1.0
1607642313274138626,sercompany,4,14,ORG,0.9979
1607642313274138626,covid,33,38,ORG,0.9999
1607642321599844352,ondacero,4,12,ORG,1.0
1607642321599844352,china,37,42,LOC,0.9999
1607642322208014336,covid,51,56,MISC,0.9999
1607642327106965506,gobierno ayuso,43,57,ORG,0.9998
1607642327106965506,protocolo,68,77,MISC,0.9999
1607642337655529472,alegra1988,4,14,ORG,0.9971
1607642337655529472,florida,44,51,LOC,1.0
1607642337655529472,arnm,101,105,MISC,0.9996
1607642337655529472,covid-19,113,121,MISC,0.9999
1607642348003168256,deusvul94229466,4,19,PER,0.9337
1607642348003168256,india,27,32,LOC,1.0
1607642348003168256,covid,86,91,MISC,0.9987
1607642351991754754,politica,4,12,ORG,0.8484
1607642351991754754,agn,39,42,ORG,0.9998
1607642351991754754,covid-19,100,108,MISC,0.9998
1607642351991754754,ministerio de salu,121,139,ORG,0.9998
1607642382085885952,prohibidosaber,4,18,ORG,0.7586
1607642388851298304,gobierno ayuso,43,57,ORG,0.9998
1607642388851298304,protocolo,68,77,MISC,0.9999
1607642391091216384,pfizer,82,88,PER,0.994
1607642391091216384,fda,113,116,ORG,0.9999
1607642398318006273,ander_jimenez,4,17,PER,0.9998
1607642398318006273,bildarratz,88,98,ORG,0.918
1607642426164023296,marioverber,4,15,PER,0.8625
1607642426164023296,gabinete,56,64,ORG,0.9996
1607642426164023296,hlgatell,90,98,ORG,0.9998
1607642426164023296,presidente de méxico,117,137,PER,0.9997
1607642426210152449,sweetyeonwoo,4,16,ORG,0.4875
1607642447403782144,resistensia,7,18,ORG,0.4901
1607642447403782144,christian drosten,54,71,PER,0.9999
1607642447403782144,chin,135,139,PER,0.9955
1607642458422398979,drakarenrosale1,4,19,PER,0.9999
1607642458422398979,covid,46,51,MISC,0.9993
1607642459093204992,miyymiyyhande,4,17,PER,0.6365
1607642459093204992,handeerçel,27,37,PER,0.9999
1607642459093204992,elle,53,57,ORG,0.9998
1607642459093204992,mardin,76,82,LOC,1.0
1607642459093204992,covid,108,113,MISC,0.9998
1607642461647798277,lanacion,4,12,ORG,0.9967
1607642461647798277,agn,36,39,ORG,0.9999
1607642461647798277,covid-19,97,105,MISC,0.9998
1607642461647798277,ministerio de salud,118,137,ORG,0.9999
1607642479381172224,vtvcanal8,4,13,ORG,0.8768
1607642479381172224,jornadadevacunación,15,34,MISC,0.9977
1607642487493128192,the covid,68,77,MISC,0.9999
1607642510997815296,gobierno ayuso,43,57,ORG,0.9998
1607642510997815296,protocolo,68,77,MISC,0.9999
1607642512214167553,smashtheeye,4,15,PER,0.3424
1607642517742157825,españa,73,79,LOC,1.0
1607645080562847745,"""miguel oryan""",107,120,PER,0.9999
1607645098426105858,centro de salud colonia santa inés,92,126,LOC,0.9967
1607645098426105858,gripe covid,128,139,MISC,0.9996
1607645098426105858,andalucíasevacuna,143,160,MISC,0.8622
1607645132358291457,gobierno ayuso,43,57,ORG,0.9998
1607645132358291457,protocolo,68,77,MISC,0.9999
1607645154759921665,miabagon,4,12,ORG,0.7021
1607645154759921665,bloomberg,17,26,ORG,0.9998
1607645154759921665,china,68,73,LOC,0.9999
1607645159063228418,juliorazona,4,15,PER,0.9986
1607645159063228418,covid,79,84,PER,0.9998
1607645163509239808,amcalber,10,18,PER,0.5133
1607645163509239808,27marrubi,20,29,PER,0.792
1607645163509239808,iximeno,31,38,ORG,0.5404
1607645163509239808,s,71,72,MISC,0.9955
1607645163509239808,n,79,80,MISC,0.9963
1607645163509239808,igm,81,84,MISC,0.8234
1607645163509239808,n,90,91,MISC,0.9966
1607645163509239808,igg,92,95,MISC,0.8775
1607645178688602112,diariosanitari0,4,19,ORG,0.9987
1607645178688602112,covid,36,41,MISC,0.9997
1607645192781271040,cav,4,7,ORG,0.9999
1607645192781271040,aep,8,11,ORG,0.9999
1607645192781271040,ministerio de sanidad,16,37,ORG,0.9999
1607645194803089408,gobierno ayuso,43,57,ORG,0.9998
1607645194803089408,protocolo,68,77,MISC,0.9999
1607645203942510592,opinionescl,4,15,ORG,0.9941
1607645203942510592,franz suarez,17,29,PER,0.9998
1607645250876772353,drmiguelmarcos,4,18,PER,0.9868
1607645251736420352,la economia de japon,2,22,ORG,0.9995
1607645263614676994,prohibidosaber,4,18,ORG,0.7586
1607645267263733761,jimenezlessons4,4,19,PER,0.985
1607645267263733761,eeuu,50,54,LOC,0.9999
1607645267263733761,covid,98,103,MISC,0.9998
1607645286998106112,antonioantela,4,17,PER,0.8817
1607645286998106112,covid,54,59,MISC,0.8105
1607645286998106112,china,63,68,LOC,0.9977
1607645286998106112,covid,124,129,MISC,0.9947
1607645291498414080,covid,73,78,MISC,0.9931
1607645302629990401,the covid killer,84,100,MISC,1.0
1607645307541528576,telesurtv,4,13,ORG,0.6968
1607645307541528576,ministerio de salud pública,18,45,ORG,0.9999
1607645307541528576,minsa,47,52,ORG,0.9999
1607645307541528576,costa rica,57,67,LOC,0.9999
1607645324675358720,luisoliverio,4,16,PER,0.996
1607645324675358720,covid-19,69,77,MISC,0.9998
1607645327837782018,gobierno ayuso,43,57,ORG,0.9998
1607645327837782018,protocolo,68,77,MISC,0.9999
1607645339418238982,dttofinanciero,4,18,ORG,0.7543
1607645339418238982,wall s,133,139,LOC,0.9804
1607645346477350914,reisdeg,4,11,PER,0.9221
1607645346477350914,españa,74,80,LOC,1.0
1607645355943858176,eduardomenoni,4,17,PER,0.9904
1607645355943858176,covid 19,106,114,MISC,0.9999
1607645366123646979,china,60,65,LOC,1.0
1607645366123646979,covid 19,70,78,MISC,0.9998
1607645374256189440,jose_anton,4,14,PER,0.7686
1607645374256189440,pfizer,90,96,ORG,0.9996
1607645374256189440,astra zeneca,99,111,ORG,0.9999
1607645374256189440,cuba,114,118,LOC,1.0
1607645388013535232,patriotanene,4,16,ORG,0.8567
1607645388013535232,fda,21,24,ORG,0.9999
1607645388013535232,pfizer,73,79,MISC,0.9999
1607645388013535232,moderna,81,88,MISC,1.0
1607645388013535232,johnson&amp;johnson,91,110,MISC,0.9901
1607645447643959296,isekai ojisan,53,66,MISC,0.8799
1607645447643959296,"(uncle from another world)""",67,94,MISC,0.9923
1607645450303053826,covid,53,58,MISC,0.9998
1607645475095576576,luigipulcinil,4,17,PER,0.9998
1607645475095576576,covid,60,65,MISC,0.9998
1607645475095576576,china,70,75,LOC,0.9999
1607645491088474112,redmmt,1,7,ORG,0.6095
1607645491088474112,fernandohvalls,9,23,PER,0.9991
1607645491088474112,covid,87,92,MISC,0.9997
1607645491088474112,bce,222,225,ORG,0.9999
1607645493600944128,gobierno ayuso,43,57,ORG,0.9998
1607645493600944128,protocolo,68,77,MISC,0.9999
1607645497824800768,covid,0,5,PER,0.9986
1607645497824800768,españa,20,26,LOC,1.0
1607645505219067906,gobcdmx,4,11,ORG,0.9996
1607645505219067906,ciudad,61,67,LOC,0.9805
1607645505219067906,covid-19,78,86,MISC,0.9999
1607645509887328256,gobierno ayuso,43,57,ORG,0.9998
1607645509887328256,protocolo,68,77,MISC,0.9999
1607645530729123840,cataluña,72,80,LOC,1.0
1607645530729123840,govern,103,109,ORG,0.9999
1607645531450359809,españa,73,79,LOC,1.0
1607645539742408706,castilla y león,72,87,LOC,0.9994
1607645544301858818,rojinegro01,4,15,ORG,0.5149
1607645544301858818,fda,17,20,ORG,0.9999
1607645544301858818,fda,130,133,ORG,1.0
1607645546927226880,centro de salud colonia santa inés,105,139,LOC,0.9992
1607645594427994112,vecina,4,10,MISC,0.9031
1607645594427994112,turbocancer,75,86,MISC,0.997
1607645594427994112,covid,132,137,MISC,0.9999
1607645620038246402,hectorrossete,4,17,PER,0.9997
1607645631450857473,gobierno ayuso,43,57,ORG,0.9998
1607645631450857473,protocolo,68,77,MISC,0.9999
1607645632461684736,scjn,1,5,ORG,0.9998
1607645632461684736,ministras serviles de obrador,56,85,PER,0.7733
1607645632461684736,yasmín esquivel mossa,87,108,PER,0.9999
1607645632461684736,militarización,149,163,MISC,0.9385
1607645632461684736,energética,173,183,MISC,0.9659
1607645632461684736,vacuna contra covid abdala,188,214,MISC,0.8483
1607645632461684736,pfizer bivalentes,227,244,MISC,0.9999
1607645639193542657,gobierno ayuso,43,57,ORG,0.9998
1607645639193542657,protocolo,68,77,MISC,0.9999
1607645659569717250,gobierno ayuso,43,57,ORG,0.9998
1607645659569717250,protocolo,68,77,MISC,0.9999
1607645659934367744,aitor13023985,4,17,PER,0.5334
1607645659934367744,florida,19,26,ORG,0.9999
1607645659934367744,covid,96,101,MISC,0.9998
1607645667488370689,c-la mancha,72,83,LOC,0.9999
1607645667488370689,gob,136,139,ORG,0.9993
1607645684726898694,smashtheeye,4,15,PER,0.3424
1607645686983725057,cataluña,72,80,LOC,1.0
1607645686983725057,govern,103,109,ORG,0.9999
1607645694025678850,castilla y león,72,87,LOC,0.9994
1607645702749884416,c-la mancha,72,83,LOC,0.9999
1607645702749884416,gob,136,139,ORG,0.9993
1607645716817526786,mavica81,4,12,ORG,0.9661
1607645716817526786,covid-19,60,68,MISC,0.9999
1607645716817526786,auditoría,73,82,ORG,0.7155
1607645722807083010,españa,0,6,LOC,0.988
1607645732491624449,pfizer,82,88,PER,0.994
1607645732491624449,fda,113,116,ORG,0.9999
1607645736467849216,maribel60780973,4,19,PER,0.9936
1607645736467849216,manuelrico,22,32,PER,0.9105
1607645756709830658,cataluña,72,80,LOC,1.0
1607645756709830658,govern,103,109,ORG,0.9999
1607645798661226497,yasminesquivel,24,38,PER,0.9994
1607645798661226497,covid,111,116,ORG,1.0
1607645807276081152,leo,4,7,ORG,0.8464
1607645807276081152,ginés,127,132,PER,1.0
1607645817699024897,gobierno ayuso,43,57,ORG,0.9998
1607645817699024897,protocolo,68,77,MISC,0.9999
1607645854168666113,el1ben,4,10,ORG,0.6894
1607645854168666113,departamento de salud de florida,15,47,ORG,0.9999
1607645854168666113,covid,82,87,MISC,0.9998
1607645861282029570,gobierno ayuso,43,57,ORG,0.9998
1607645861282029570,protocolo,68,77,MISC,0.9999
1607645870471667712,covid,40,45,MISC,0.9896
1607645870522249216,wolfgang kubicki,19,35,PER,0.9999
1607645870522249216,bundestag,56,65,ORG,0.9999
1607645883151048705,gobierno ayuso,43,57,ORG,0.9998
1607645883151048705,protocolo,68,77,MISC,0.9999
1607645883612499969,carolinadarias,4,18,PER,0.9994
1607645883612499969,araceli hidalgo,46,61,PER,0.9999
1607645883612499969,covid-19,130,138,MISC,0.9999
1607645931532337152,prohibidosaber,4,18,ORG,0.4748
1607645931532337152,covid,44,49,ORG,0.9999
1607645931532337152,casa blanca,56,67,ORG,0.9998
1607645931532337152,dr ashish jha,72,86,PER,0.9907
1607645949953802241,runner7474,4,14,MISC,0.5884
1607645949953802241,china,62,67,LOC,0.9999
1607645949953802241,covid,75,80,MISC,0.9998
1607645949953802241,palacio de hielo,99,115,LOC,0.9999
1607645949953802241,madrid,119,125,LOC,0.9998
1607646008758145024,antonioantela,4,17,PER,0.8817
1607646008758145024,covid,54,59,MISC,0.8105
1607646008758145024,china,63,68,LOC,0.9977
1607646008758145024,covid,124,129,MISC,0.9947
1607646028186152960,hectorrossete,4,17,PER,0.9997
1607646046972149763,fda,58,61,ORG,0.9999
1607646046972149763,pfizer,110,116,MISC,1.0
1607646046972149763,moderna,118,125,MISC,1.0
1607646046972149763,johnson&amp;joh,128,143,MISC,0.9976
1607646051275612161,vecina,4,10,MISC,0.9031
1607646051275612161,turbocancer,75,86,MISC,0.997
1607646051275612161,covid,132,137,MISC,0.9999
1607646059492421632,eduardomenoni,4,17,PER,0.9904
1607646059492421632,covid 19,106,114,MISC,0.9999
1607646108875952129,jjdiazmachuca,4,17,PER,0.3142
1607646108875952129,china,56,61,LOC,1.0
1607646108875952129,covid,101,106,MISC,0.8939
1607646130090672129,prohibidosaber,4,18,ORG,0.4748
1607646130090672129,covid,44,49,ORG,0.9999
1607646130090672129,casa blanca,56,67,ORG,0.9998
1607646130090672129,dr ashish jha,72,86,PER,0.9907
1607646139976749056,pedro sánchez,60,73,PER,0.9999
1607646162324160512,radluza,1,8,MISC,0.4832
1607646163746029568,japón,0,5,ORG,0.9397
1607646163746029568,china,52,57,LOC,0.9998
1607646163746029568,china,139,144,LOC,0.9998
1607646163746029568,fumio kishida,206,219,PER,0.9999
1607646163746029568,pekín,234,239,ORG,0.9981
1607646183245111296,crissuperann,4,16,ORG,0.4969
1607646183245111296,vizzotti,51,59,PER,1.0
1607646183245111296,covid,92,97,PER,0.9999
1607634393710878720,drpacomoreno1,4,17,PER,0.9988
1607635022860939270,drpacomoreno1,4,17,PER,0.9988
1607636462358364160,drpacomoreno1,4,17,PER,0.9988
1607636466099802115,drpacomoreno1,4,17,PER,0.9988
1607636494587670528,delta,15,20,MISC,0.9984
1607636494587670528,raaaaaae,21,29,MISC,0.4929
1607637519482425345,seo,4,7,ORG,0.9994
1607637519482425345,birdlife,8,16,ORG,0.9999
1607637519482425345,delta de l’ebre,81,96,LOC,0.9999
1607638006307098627,macross delta,0,13,MISC,0.9999
1607638006307098627,yami,16,20,PER,0.9999
1607638006307098627,q,21,22,PER,0.9998
1607638006307098627,ray,23,26,PER,0.9998
1607638006307098627,diva in abyss,29,42,MISC,0.9998
1607639418931924993,macross delta,0,13,MISC,0.9999
1607639418931924993,yami,16,20,PER,0.9999
1607639418931924993,q,21,22,PER,0.9998
1607639418931924993,ray,23,26,PER,0.9998
1607639418931924993,diva in abyss,29,42,MISC,0.9998
1607639712247971843,alexainferno666,4,19,PER,0.9778
1607639712247971843,ellauchaokey,22,34,PER,0.9987
1607639712247971843,agustín,104,111,PER,1.0
1607640275035295744,niftygateway,14,26,ORG,0.9978
1607640727630270464,delta a330neo,1,14,MISC,0.9621
1607640727630270464,avgeek,16,22,MISC,0.986
1607641481422012417,delta del rio lempa,83,102,LOC,0.9999
1607641481422012417,el salvador,104,115,LOC,1.0
1607641589031002114,drpacomoreno1,4,17,PER,0.9988
1607641983299846145,sentinel2,69,78,MISC,1.0
1607641983299846145,ebro,131,135,MISC,0.9687
1607642052182917120,egipto,0,6,ORG,0.9978
1607642052182917120,mediterráneo,89,101,LOC,1.0
1607642052182917120,nilo,117,121,MISC,0.8927
1607642763713220608,yankee,39,45,MISC,0.5564
1607642763713220608,yankee,186,192,MISC,0.7249
1607643322402889729,reichikitafan0,1,15,MISC,0.5726
1607644062978572288,drpacomoreno1,4,17,PER,0.9988
1607644138136305674,pinkman3751,1,12,PER,0.6883
1607646028932743168,jai0409,1,8,MISC,0.8308
1607646028932743168,delta corp,9,19,ORG,0.9999
1607647059896827910,delta,1,6,ORG,0.9992
1607647059896827910,niftygateway,14,26,ORG,0.9972
1607647059896827910,delta,57,62,ORG,0.9996
1607647106612748289,reporteni,4,13,ORG,0.9997
1607647106612748289,delta del rio lempa,98,117,LOC,0.9999
1607647106612748289,el salvador,119,130,LOC,1.0
1607634129587150848,legos,14,19,MISC,0.9988
1607643859936317442,rocambole,25,34,MISC,0.6077
1607637097858629633,actufoot,1,9,ORG,0.9988
1607637097858629633,rona,11,15,ORG,0.9915
1607641290992242689,marsrocha,4,13,PER,0.9811
1607641290992242689,fernandeznorona,16,31,PER,0.985
1607641290992242689,yasminesquivel,33,47,PER,0.9998
1607641290992242689,carlosloret,50,61,PER,0.9997
1607641290992242689,loret,85,90,PER,0.9999
1607641290992242689,fernández,126,135,PER,0.9999
1607647038270996480,rona palo,0,9,LOC,0.9753
1607647038270996480,rona palo,10,19,LOC,0.9477
1607632726173290496,alegra1988,4,14,ORG,0.9981
1607636327570317312,finanzas,4,12,ORG,0.8816
1607636327570317312,times,13,18,ORG,0.9788
1607636440250294272,finanzas,4,12,ORG,0.9693
1607636440250294272,times,13,18,ORG,0.9407
1607636440250294272,alemania,23,31,LOC,1.0
1607636440250294272,covid covid19,114,127,MISC,0.9988
1607636867763277824,ue,5,7,ORG,0.9999
1607636867763277824,pfizer,101,107,ORG,0.9805
1607636867763277824,europe europeanunion,138,158,ORG,0.7946
1607636867763277824,pfizergate,167,177,MISC,0.9928
1607636867763277824,covid19,195,202,MISC,0.9986
1607636867763277824,covidvaccines,203,216,MISC,0.9982
1607636867763277824,covidisnotover,217,231,MISC,0.531
1607636933768892417,pfizer,126,132,ORG,0.9999
1607638263191293952,pfizer,126,132,ORG,0.9999
1607644152245764096,heshlem,4,11,ORG,0.9933
1607644152245764096,canadá,69,75,LOC,1.0
1607644152245764096,mav,112,115,ORG,0.998
1607644152245764096,buenrolloreturn,124,139,ORG,0.9292
1607647098538979328,omoshirivinsmo,1,15,PER,0.9982
1607632747115298818,sanidadgob,4,14,ORG,0.8538
1607632747115298818,2ndadosisderecuerdo,21,40,MISC,0.9989
1607632747115298818,covid-19,117,125,MISC,0.9998
1607633140209840128,karl lauterbach,54,69,PER,0.9997
1607633213798719490,pentagonoesp,4,16,ORG,0.544
1607633213798719490,twitterfiles,63,75,MISC,0.9999
1607633213798719490,usa,119,122,LOC,0.9952
1607633476672708614,aldu,1,5,PER,0.618
1607633476672708614,hectorrossete,13,26,PER,0.9998
1607633476672708614,lopezobrador,28,40,PER,0.9068
1607633476672708614,cubrebocas,193,203,MISC,0.5308
1607633579470737408,lrsecreta,4,13,ORG,0.9887
1607633579470737408,eeuu,78,82,LOC,0.9999
1607633704545050625,embacumex,4,13,ORG,0.9998
1607633704545050625,rbd,62,65,MISC,0.9997
1607633733984882689,adela_,4,10,PER,0.7412
1607633733984882689,micha,10,15,PER,0.8336
1607633733984882689,andré marín,111,122,PER,0.9999
1607633755270684673,madrid,0,6,LOC,1.0
1607633755270684673,virus del papiloma humano,102,127,MISC,0.9999
1607633755270684673,vph,129,132,MISC,0.9952
1607633755270684673,madrid,135,141,LOC,0.9992
1607633755270684673,vph,190,193,MISC,0.9968
1607633755270684673,gmm1,194,198,MISC,0.9973
1607633759280537601,soyfarfadox,4,15,MISC,0.4604
1607633759280537601,killercreeper55,18,33,PER,0.9306
1607633759280537601,mediafire,118,127,MISC,0.9741
1607634021709742081,terra_cremada,4,17,MISC,0.9912
1607634021709742081,moderna,39,46,ORG,0.9999
1607634021709742081,eeuu,64,68,ORG,0.5618
1607634040428847106,arnm,121,125,MISC,0.9993
1607634198617292801,om4ozye,4,11,ORG,0.4224
1607634376371625987,ynginn1e,1,9,PER,0.3772
1607634479144640516,jakdjsjakwjaja,17,31,MISC,0.9978
1607634625630715909,arondonft,1,10,PER,0.3936
1607634625630715909,chávez,50,56,PER,0.9999
1607634777502371842,walt disney,191,202,PER,0.9598
1607634924558770176,carcassonne,14,25,MISC,0.9926
1607634924558770176,catan bang,26,36,MISC,0.9977
1607634924558770176,virus los inseparables,37,59,MISC,0.7711
1607635213353459712,ccradovic2012,4,17,PER,0.5723
1607635269494374400,finlayantonio,1,14,PER,0.9647
1607635323311525888,sanidadgob,4,14,ORG,0.8538
1607635323311525888,2ndadosisderecuerdo,21,40,MISC,0.9989
1607635323311525888,covid-19,117,125,MISC,0.9998
1607635331318444032,embacumex,4,13,ORG,0.9998
1607635331318444032,rbd,62,65,MISC,0.9997
1607635512386355206,drpacomoreno1,1,14,PER,0.9995
1607635512386355206,pfizer,154,160,ORG,0.9999
1607635812346388481,carnetdlapatria,4,19,ORG,0.9998
1607635812346388481,sistemapatria,33,46,ORG,0.9995
1607635812346388481,carnetdelapatria,52,68,ORG,0.9999
1607635812346388481,covid-19,99,107,MISC,0.9998
1607636059202150401,pmkesito,1,9,ORG,0.6476
1607636111462998018,carnetdlapatria,4,19,ORG,0.9998
1607636111462998018,sistemapatria,33,46,ORG,0.9995
1607636111462998018,carnetdelapatria,52,68,ORG,0.9999
1607636111462998018,covid-19,99,107,MISC,0.9998
1607636142509420545,deia,4,8,ORG,0.9891
1607636142509420545,arn,63,66,MISC,0.9949
1607636142509420545,universidad de tel a,119,139,ORG,0.9999
1607636170057433089,aroisutrancy,1,13,PER,0.9535
1607636170057433089,drpacomoreno1,15,28,PER,0.9993
1607636177288572932,corbiloreto,1,12,PER,0.9877
1607636364106817536,dathosbd,1,9,PER,0.8341
1607636364106817536,covid,26,31,PER,0.9931
1607636364106817536,robocop,124,131,MISC,0.9999
1607636441244499972,soyfarfadox,4,15,MISC,0.4604
1607636441244499972,killercreeper55,18,33,PER,0.9306
1607636441244499972,mediafire,118,127,MISC,0.9741
1607636475453280256,mecagoent5,1,11,MISC,0.9453
1607636660589658113,embacumex,4,13,ORG,0.9998
1607636660589658113,rbd,62,65,MISC,0.9997
1607636767489900545,gitanitaa,4,13,MISC,0.3279
1607636881277177858,ccradovic2012,4,17,PER,0.5723
1607636959316385794,elmundoes,4,13,ORG,0.9933
1607637009828544514,embacumex,4,13,ORG,0.9998
1607637009828544514,rbd,62,65,MISC,0.9997
1607637111716315136,elmundoes,4,13,ORG,0.9933
1607637129986969605,ccradovic2012,4,17,PER,0.5723
1607637166154289153,mexmejor,4,12,ORG,0.9988
1607637166154289153,lópez obrador,28,41,PER,0.9999
1607637166154289153,mèxico,102,108,LOC,1.0
1607637166154289153,oax,136,139,LOC,0.9997
1607637231593832450,deia,4,8,ORG,0.9683
1607637231593832450,euskadi,83,90,LOC,1.0
1607637265475305474,vtvcanal8,4,13,ORG,0.9994
1607637265475305474,covid-19,53,61,MISC,0.9999
1607637277261598720,carnetdlapatria,4,19,ORG,0.9998
1607637277261598720,sistemapatria,33,46,ORG,0.9995
1607637277261598720,carnetdelapatria,52,68,ORG,0.9999
1607637277261598720,covid-19,99,107,MISC,0.9998
1607637288963674113,eldebate,30,38,ORG,0.9981
1607637288963674113,españa,71,77,LOC,1.0
1607637288963674113,ci,95,97,MISC,0.9995
1607637388658081799,meresimodekyria,4,19,PER,0.9031
1607637388658081799,philadelphia,62,74,LOC,1.0
1607637734512029696,blackvillain666,1,16,PER,0.8728
1607638059859730435,pguntern,4,12,ORG,0.9848
1607638059859730435,angeldebritook,15,29,PER,0.9952
1607638064477659136,michm,1,6,PER,0.9359
1607638118923902982,javiergaciaisac,1,16,PER,0.9912
1607638118923902982,sánchez,29,36,PER,0.9998
1607638253443874816,terra_cremada,4,17,MISC,0.9912
1607638253443874816,moderna,39,46,ORG,0.9999
1607638253443874816,eeuu,64,68,ORG,0.5618
1607638473686810627,strangeworld,70,82,MISC,0.9999
1607638528929693696,cerolovers,15,25,MISC,0.7802
1607638872091144195,sars-cov-2,59,69,MISC,0.9998
1607638907797078016,carnetdlapatria,4,19,ORG,0.9998
1607638907797078016,sistemapatria,33,46,ORG,0.9995
1607638907797078016,carnetdelapatria,52,68,ORG,0.9999
1607638907797078016,covid-19,99,107,MISC,0.9998
1607638912331046912,finanzas,4,12,ORG,0.5609
1607638912331046912,times,13,18,ORG,0.9866
1607638912331046912,china,23,28,LOC,0.9998
1607638912331046912,sol,97,100,MISC,0.9998
1607639182477778944,felixlopez,4,14,PER,0.9965
1607639182477778944,rey,15,18,PER,0.9989
1607639182477778944,madrid,58,64,LOC,1.0
1607639329320443905,mymelodan,1,10,PER,0.9869
1607639414833831936,hoymismotsi dr,11,25,ORG,0.8947
1607639521188892677,embacumex,4,13,ORG,0.9998
1607639521188892677,rbd,62,65,MISC,0.9997
1607639567141666816,embacumex,4,13,ORG,0.9998
1607639567141666816,rbd,62,65,MISC,0.9997
1607639575396057088,embacumex,4,13,ORG,0.9998
1607639575396057088,rbd,62,65,MISC,0.9997
1607639610380718085,terra_cremada,4,17,MISC,0.9912
1607639610380718085,moderna,39,46,ORG,0.9999
1607639610380718085,eeuu,64,68,ORG,0.5618
1607639637110972416,embacumex,4,13,ORG,0.9998
1607639637110972416,rbd,62,65,MISC,0.9997
1607639660326420482,terra_cremada,4,17,MISC,0.9912
1607639660326420482,moderna,39,46,ORG,0.9999
1607639660326420482,eeuu,64,68,ORG,0.5618
1607639757508734977,covizombie,4,14,ORG,0.5637
1607639757508734977,viru,135,139,MISC,0.9995
1607640022752059392,soyfarfadox,4,15,MISC,0.4604
1607640022752059392,killercreeper55,18,33,PER,0.9306
1607640022752059392,mediafire,118,127,MISC,0.9741
1607640073423523843,colinovela,1,11,PER,0.9969
1607640109641351168,soyfarfadox,4,15,MISC,0.4604
1607640109641351168,killercreeper55,18,33,PER,0.9306
1607640109641351168,mediafire,118,127,MISC,0.9741
1607640145443840001,embacumex,4,13,ORG,0.9998
1607640145443840001,rbd,62,65,MISC,0.9997
1607640383399526401,yvevzla,4,11,PER,0.9724
1607640383399526401,lechería,16,24,LOC,0.9998
1607640383399526401,covid,29,34,MISC,0.9994
1607640383399526401,covid,96,101,MISC,0.9996
1607640624341331968,thedecapitron,12,25,MISC,0.9883
1607640624341331968,emporio,77,84,PER,0.9999
1607640624341331968,emporio,203,210,PER,1.0
1607641218917322752,unomasdel68,4,15,ORG,0.9338
1607641218917322752,juanma moreno,17,30,PER,0.9999
1607641433774727169,denna12,1,8,PER,0.6594
1607641527148335105,libroabierto12,1,15,MISC,0.4989
1607641649919696898,bonvivantvlc,1,13,PER,0.4123
1607641649919696898,lady,15,19,PER,0.6289
1607641649919696898,mecagoent5,31,41,MISC,0.922
1607641901368315904,unomasdel68,4,15,ORG,0.9338
1607641901368315904,juanma moreno,17,30,PER,0.9999
1607642109145747456,placeb0mad,4,14,MISC,0.8202
1607642114573348864,finlayantonio,1,14,PER,0.6905
1607642114573348864,pio65pio,16,24,MISC,0.9411
1607642322048634885,ccradovic2012,4,17,PER,0.5723
1607642356303421440,unomasdel68,4,15,ORG,0.9338
1607642356303421440,juanma moreno,17,30,PER,0.9999
1607642455725293568,ceconcedilla,1,13,PER,0.8132
1607642491322535936,embacumex,4,13,ORG,0.9998
1607642491322535936,rbd,62,65,MISC,0.9997
1607642586524823552,luzelenachavez8,4,19,PER,0.9656
1607642586524823552,covid,27,32,MISC,0.9873
1607642628715077633,vtvcanal8,4,13,ORG,0.9994
1607642628715077633,covid-19,53,61,MISC,0.9999
1607642912355155969,tesoromoctezuma,4,19,PER,0.8448
1607642912355155969,markitoshango,22,35,PER,0.9912
1607642912355155969,omicron,52,59,PER,0.9999
1607642912355155969,pesadilla,94,103,PER,0.9999
1607642912355155969,perro del infierno,105,123,MISC,0.9977
1607642912355155969,xibalbá,126,133,PER,0.9998
1607642934681415682,marianpy1,4,13,PER,0.4257
1607642934681415682,karl lauterbach,69,84,PER,0.9996
1607642950938333184,treporta,17,25,ORG,0.6717
1607642950938333184,eyraruiz,27,35,PER,0.7987
1607642950938333184,pandemia,55,63,MISC,0.9998
1607642950938333184,nobel,123,128,MISC,0.629
1607642951177453570,marianpy1,4,13,PER,0.6898
1607643050716659712,terminaldt,4,14,ORG,0.9788
1607643050716659712,ingresaalaterminal,16,34,MISC,0.7913
1607643071696576515,terminaldt,4,14,ORG,0.9996
1607643071696576515,ingresaalatermina,121,138,MISC,0.9981
1607643144178511872,paris,1,6,LOC,0.5115
1607643144178511872,vihchotas,14,23,MISC,0.9884
1607643158875148288,alvarosellopez,1,15,PER,0.7344
1607643191712391168,sfdxpro,4,11,ORG,0.4131
1607643191712391168,hakearon,30,38,MISC,0.9999
1607643271190253569,vtvcanal8,4,13,ORG,0.9994
1607643271190253569,covid-19,53,61,MISC,0.9999
1607643284037603330,putin,80,85,PER,0.9997
1607643284037603330,covid,117,122,MISC,0.9998
1607643285593399296,mippcivzla,4,14,ORG,0.9979
1607643311858122753,"""el virus es la tv""",42,61,MISC,0.9998
1607643311858122753,"""pcr estafa""",64,76,MISC,0.9998
1607643351183986688,embacumex,4,13,ORG,0.9998
1607643351183986688,rbd,62,65,MISC,0.9997
1607643365369319426,felixlopez,4,14,PER,0.9965
1607643365369319426,rey,15,18,PER,0.9989
1607643365369319426,madrid,58,64,LOC,1.0
1607643474093907969,vict,126,130,ORG,0.9993
1607643474093907969,fcalabuig10,152,163,PER,0.922
1607643474093907969,sanidadpública,169,183,MISC,0.5704
1607643474093907969,sanidad  salud,185,199,MISC,0.9963
1607643474093907969,gvasanitat,202,212,ORG,0.9996
1607643610878443520,ponmeuntinto,4,16,ORG,0.9364
1607643610878443520,carolinadarias,24,38,PER,0.6317
1607643610878443520,sanchezcastejon,40,55,PER,0.9652
1607643610878443520,sanidadgob,57,67,ORG,0.8257
1607644159594070018,china,0,5,ORG,0.9732
1607644159594070018,ibex,210,214,MISC,0.3276
1607644159594070018,pharmamar,223,232,MISC,0.3509
1607644159594070018,aempsgob,240,248,ORG,0.9998
1607644293363109889,emmarincon,28,38,PER,0.9928
1607644317182754825,eliset,4,10,PER,0.9974
1607644317182754825,anthony patch,15,28,PER,0.9996
1607644323264491521,carnetdlapatria,4,19,ORG,0.9998
1607644323264491521,sistemapatria,33,46,ORG,0.9995
1607644323264491521,carnetdelapatria,52,68,ORG,0.9999
1607644323264491521,covid-19,99,107,MISC,0.9998
1607644428654583809,vtvcanal8,4,13,ORG,0.9994
1607644428654583809,covid-19,53,61,MISC,0.9999
1607644437664104448,jaimecolomat,4,16,PER,0.9998
1607644437664104448,matrix,32,38,MISC,0.9999
1607644437664104448,sr smith,68,77,PER,0.9995
1607644467171045376,thedecapitron,12,25,ORG,0.6572
1607644467171045376,donatello,70,79,PER,1.0
1607644473697206273,araceli hidalgo,26,41,PER,0.9999
1607644473697206273,covid-19,110,118,MISC,0.9999
1607644473697206273,españa,122,128,LOC,1.0
1607644482811596801,hhsgov,4,10,ORG,0.9997
1607644662034055169,javiersolana,4,16,PER,0.9157
1607644684167282689,lotofire,1,9,ORG,0.6334
1607644702744117250,gvasanitat,4,14,ORG,0.9999
1607644702744117250,gvasanitat,18,28,ORG,0.9999
1607644702744117250,covid,72,77,MISC,0.9998
1607644841147772928,juanpalmar26,4,16,PER,0.9371
1607644841147772928,c,78,79,MISC,0.6562
1607644841147772928,puebloalegreyunido,81,99,MISC,0.5286
1607645145658265601,buenrolloreturn,4,19,MISC,0.4124
1607645355151351817,fuiunacocodrila,1,16,PER,0.3689
1607645358321958912,marianpy1,4,13,PER,0.6898
1607645406132948994,marianpy1,4,13,PER,0.4257
1607645406132948994,karl lauterbach,69,84,PER,0.9996
1607645709091618817,mippcivzla,4,14,ORG,0.9979
1607645729098731523,solamentejoy,45,57,PER,0.4724
1607645803170140160,rincncuriosoo,4,17,PER,0.8014
1607645803170140160,humano,42,48,MISC,0.8633
1607645803170140160,vph,50,53,MISC,0.9981
1607645951044239361,jesucristodiosv,1,16,PER,0.9162
1607645953116311555,rincncuriosoo,4,17,PER,0.7629
1607645953116311555,vph,114,117,MISC,0.9997
1607645983034445825,ccradovic2012,4,17,PER,0.5723
1607646165339602944,blackvillain666,1,16,PER,0.7941
1607646293647822849,carolinadarias,4,18,PER,0.9994
1607646293647822849,araceli hidalgo,46,61,PER,0.9999
1607646293647822849,covid-19,130,138,MISC,0.9999
1607646337750679556,covid-19,38,46,MISC,0.9999
1607646337750679556,covid-19,190,198,MISC,0.9998
1607646386903998465,carolinadarias,4,18,PER,0.9994
1607646386903998465,araceli hidalgo,46,61,PER,0.9999
1607646386903998465,covid-19,130,138,MISC,0.9999
1607646421536182272,carolinadarias,4,18,PER,0.9994
1607646421536182272,araceli hidalgo,46,61,PER,0.9999
1607646421536182272,covid-19,130,138,MISC,0.9999
1607646561651015680,maxtena1,14,22,MISC,0.9238
1607646585600499712,ordengunnar,1,12,PER,0.7577
1607646585600499712,damian boshy,34,46,PER,0.9999
1607646638213926913,hepatitis c,82,93,MISC,0.7181
1607646638213926913,diariomedico,123,135,ORG,0.9995
1607646866300358659,carolinadarias,4,18,PER,0.9994
1607646866300358659,araceli hidalgo,46,61,PER,0.9999
1607646866300358659,covid-19,130,138,MISC,0.9999
1607646891998859264,elpacientezero,4,18,ORG,0.9974
1607647039319576577,carnetdlapatria,4,19,ORG,0.9998
1607647039319576577,sistemapatria,33,46,ORG,0.9995
1607647039319576577,carnetdelapatria,52,68,ORG,0.9999
1607647039319576577,covid-19,99,107,MISC,0.9998
1607647058546118661,ilindelatorremd,4,19,ORG,0.9841
1607647058546118661,drosten,21,28,PER,0.9998
1607647058546118661,alemania,61,69,LOC,1.0
1607647124522692609,ctxt,4,8,ORG,0.8078
1607647149633818625,vtvcanal8,4,13,ORG,0.9994
1607647149633818625,covid-19,53,61,MISC,0.9999
1607647178280910850,vtvcanal8,4,13,ORG,0.9994
1607647178280910850,covid-19,53,61,MISC,0.9999
1607647253111672833,embacumex,4,13,ORG,0.9998
1607647253111672833,rbd,62,65,MISC,0.9997
1607647314440601602,tentleluis123,1,14,PER,0.925
1607647314440601602,sandex,16,22,ORG,0.9995
1607647345675743232,carolinadarias,4,18,PER,0.9994
1607647345675743232,araceli hidalgo,46,61,PER,0.9999
1607647345675743232,covid-19,130,138,MISC,0.9999
