Tweet_ID,Sentiment_Label,Probability_pos
1606152621248712712,negative,0.061920789388823255
1606152747325313025,neutral,0.3550993487001526
1606152785270956032,negative,0.0005558178473801677
1606152816946397184,negative,0.0851755314879892
1606153025982038016,negative,6.940477969491208e-07
1606153141686132736,neutral,0.49789225920557484
1606153252835569664,negative,0.18489444179442835
1606153518305357824,negative,0.0003065956477694657
1606153948020281344,negative,0.0013165067470448197
1606153950650064896,neutral,0.5567390080893717
1606154325784375296,negative,0.018844069352995197
1606154565014929408,neutral,0.49789225920557484
1606154752160579584,neutral,0.3340391933328448
1606155528018731008,neutral,0.5567390080893717
1606155751369494528,neutral,0.3550993487001526
1606155844701274116,negative,4.741500579705915e-06
1606157014165377026,neutral,0.5567390080893717
1606157336212545536,negative,0.005955181098411846
1606157701612015623,neutral,0.49789225920557484
1606157958311686144,negative,0.00014611480316101383
1606158225677553664,negative,6.940477969491208e-07
1606158525733826560,negative,0.0013165067470448197
1606158734115237888,negative,1.3637972108439313e-11
1606158785034088448,negative,6.940477969491208e-07
1606158953427214336,negative,0.014381991689911267
1606159697819553792,negative,0.014964322123934632
1606159909015506944,neutral,0.3340391933328448
1606159967232434176,neutral,0.5537968763757726
1606160586936487936,negative,0.00044492669701586923
1606160979233906688,negative,2.0796218563715517e-08
1606161559960834048,negative,0.01311040114385194
1606162015956762624,negative,0.014964322123934632
1606162063805521925,neutral,0.3550993487001526
1606162187734564865,neutral,0.3550993487001526
1606163075433779201,negative,0.00044492669701586923
1606163497330642945,negative,0.0006867782603930595
1606163880828231681,negative,0.024799419656428987
1606164119777955849,neutral,0.5219538448877877
1606164445037678593,neutral,0.3550993487001526
1606165162771226624,negative,0.018844069352995197
1606165877686120450,neutral,0.3550993487001526
1606166008233807873,negative,0.0003908819469702455
1606166683177058304,negative,0.00024149574743044007
1606166962920230912,neutral,0.49789225920557484
1606167088204156929,negative,6.860082377200072e-12
1606167707677704192,negative,0.00024149574743044007
1606152967278645248,negative,3.628174027956494e-05
1606152978167218176,negative,0.01579522564214196
1606152988006830080,positive,0.917020288528587
1606152989055426560,positive,0.917020288528587
1606153002112335874,positive,0.917020288528587
1606153004221992961,negative,0.0005231195872544347
1606153016389705728,negative,0.0016868442145738492
1606153024191152128,negative,0.003295696677741263
1606153030654562305,neutral,0.5089192763529204
1606153031933902848,negative,3.3220503739862003e-06
1606153044512559105,negative,3.010842928794081e-07
1606153054532902912,negative,0.00018829350116928234
1606153057091346432,negative,0.2228085797598701
1606153067459538944,neutral,0.6575864195587456
1606153068038324224,negative,0.00018829350116928234
1606153079350366208,negative,0.001029053378529251
1606153090591178752,negative,0.008752428712880237
1606153092398923776,negative,0.00015537597497100242
1606153101970472960,negative,1.4046702750474044e-12
1606153102922432512,negative,4.267545602867269e-06
1606153107523526656,negative,0.0022690603152207742
1606153112636428288,negative,0.03781786434773064
1606153117694689280,negative,0.01579522564214196
1606153119137775617,negative,2.4888814181696456e-06
1606153119242633216,negative,0.0005231195872544347
1606153121150906369,negative,0.1809482993467741
1606153148250443776,neutral,0.45580683260910787
1606153150406148096,negative,0.000602782010934994
1606153162456342528,negative,1.2399780950280218e-09
1606153167153942529,negative,0.0010302542397306734
1606153167699222528,positive,0.782429480926014
1606153167829450753,negative,0.00039706060221475075
1606153169657962496,negative,0.006414263367312375
1606153179095187456,negative,0.1601336745105783
1606153183457202176,negative,0.001589123627697564
1606153193477529600,negative,0.0005231195872544347
1606153215699042305,negative,3.010842928794081e-07
1606153220396486656,negative,0.0005231195872544347
1606153247323930624,negative,1.2399780950280218e-09
1606153248871616512,negative,0.04479249578605244
1606153281171922944,negative,0.0017522836614074794
1606153307881357313,negative,0.006585407968065553
1606153308351041536,negative,0.006326731531817831
1606153308778795008,negative,0.00022792784003747394
1606153331247718401,negative,1.2399780950280218e-09
1606153332606660608,negative,0.04479249578605244
1606153339154096128,negative,0.00018829350116928234
1606153339195908097,negative,0.07530642371631312
1606153341469196288,negative,0.006326731531817831
1606153350797332481,negative,0.019442173166023598
1606153371248779265,negative,4.267545602867269e-06
1606153374046593025,negative,0.001029053378529251
1606153375233343489,positive,0.917020288528587
1606153381315284999,negative,0.14554771367253577
1606153388672122880,negative,0.000602782010934994
1606153390509129730,negative,4.015127427048899e-06
1606153391058538496,negative,0.0002640161454503588
1606153393424109569,negative,3.3220503739862003e-06
1606153399430287360,positive,0.917020288528587
1606153405298343936,negative,1.2399780950280218e-09
1606153414576164864,negative,9.478110182219939e-06
1606153415423205381,negative,0.00039706060221475075
1606153416165666816,negative,9.913861715904454e-08
1606153419734933504,negative,0.17754470762455984
1606153421467242499,negative,0.000286636190572699
1606153423086268416,negative,4.267545602867269e-06
1606153424604495872,negative,0.019442173166023598
1606153425942548481,neutral,0.49789225920557484
1606153429872541697,negative,0.006585407968065553
1606153435946094592,negative,9.478110182219939e-06
1606153440287002624,negative,0.00019003875403090617
1606153446209486849,negative,0.00015537597497100242
1606153446461259776,negative,7.10367301733393e-05
1606153450575757315,negative,0.019946040596265202
1606153458674868226,negative,0.019442173166023598
1606153464869842945,negative,4.267545602867269e-06
1606153468665905153,neutral,0.46511884455441777
1606153471610200069,negative,0.000602782010934994
1606153478530891777,negative,7.023504600658717e-05
1606153483295461376,negative,4.267545602867269e-06
1606153486680215552,negative,7.10367301733393e-05
1606153490023055361,positive,0.9909711805372133
1606153490874728450,negative,3.010842928794081e-07
1606153495203041280,negative,4.267545602867269e-06
1606153508503408640,negative,0.0005231195872544347
1606153510386442242,negative,0.007675198849748253
1606153513569902592,negative,5.924064938623268e-05
1606153515859968000,negative,4.267545602867269e-06
1606153520792715264,negative,0.06550171961141533
1606153541948608512,negative,0.0011586889143109234
1606153542107992068,negative,0.006585407968065553
1606153542410113025,negative,9.478110182219939e-06
1606153545308180481,negative,1.2399780950280218e-09
1606153551901663233,negative,4.267545602867269e-06
1606153554074341377,negative,4.267545602867269e-06
1606153605756596224,negative,4.015127427048899e-06
1606153620004618240,negative,4.267545602867269e-06
1606153628837765120,negative,6.744546657559386e-05
1606153628867125248,negative,3.3220503739862003e-06
1606153631509553153,negative,0.0005231195872544347
1606153635892584449,negative,9.694803451277606e-09
1606153638316896256,negative,4.267545602867269e-06
1606153647837966336,negative,4.267545602867269e-06
1606153650526568449,negative,4.015127427048899e-06
1606153650577018881,negative,4.267545602867269e-06
1606153654985035777,negative,0.0005231195872544347
1606153658118262786,negative,0.00018829350116928234
1606153658315448321,negative,0.002307500441202572
1606153659477331968,negative,0.000602782010934994
1606153661108715521,negative,0.0005231195872544347
1606153666007744512,negative,1.2399780950280218e-09
1606153667354103809,neutral,0.49789225920557484
1606153678687113216,negative,0.004421030618506548
1606153678947221509,negative,0.00024078276795538213
1606153682067890177,negative,0.006585407968065553
1606153702926159872,negative,0.001589123627697564
1606153706667327489,positive,0.9961913346877153
1606153712077938688,negative,0.04479249578605244
1606153714829471745,negative,5.10125653219463e-05
1606153719891914753,negative,0.0005231195872544347
1606153723423600645,negative,4.267545602867269e-06
1606153732034416641,negative,1.3585923228177585e-07
1606153744323706880,negative,0.00409397739635324
1606153773688098821,negative,9.478110182219939e-06
1606153774577471488,negative,0.0005231195872544347
1606153775072350213,negative,0.0017522836614074794
1606153778503094272,negative,0.0005231195872544347
1606153789269979136,negative,7.617816616450561e-10
1606153793963335680,negative,0.006326731531817831
1606153801169358848,negative,0.001589123627697564
1606153801613709312,negative,0.021488363409563293
1606153802007990274,negative,0.00027187143454909216
1606153821998047233,negative,7.617816616450561e-10
1606153831976521728,negative,0.001589123627697564
1606153836132937729,negative,1.2399780950280218e-09
1606153851165237249,negative,4.267545602867269e-06
1606153853920870401,negative,0.015289548580431486
1606153877287493633,negative,7.070455430826453e-06
1606153878818492416,negative,0.09778639701158447
1606153880789712896,negative,0.00039706060221475075
1606153893573861376,negative,0.0005231195872544347
1606153902122049536,negative,7.10367301733393e-05
1606153916974092289,negative,9.478110182219939e-06
1606153922476998656,negative,0.006260341532065007
1606153923344994304,negative,0.00018829350116928234
1606153925295423489,negative,0.01579522564214196
1606153929141764098,negative,0.00022792784003747394
1606153929296777216,positive,0.917020288528587
1606153940072112131,neutral,0.42763653545659
1606153980094009344,negative,0.03765846712373652
1606153985156468737,negative,7.617816616450561e-10
1606153997928189952,negative,6.8637431058374615e-06
1606153999538864128,negative,0.32876397082234465
1606154006983675904,negative,0.0005231195872544347
1606154033269334016,negative,3.010842928794081e-07
1606154035588898816,negative,0.0731166227053407
1606154036033355777,negative,3.010842928794081e-07
1606154041842466816,negative,3.010842928794081e-07
1606154044988334081,neutral,0.43435923340201615
1606154047374774273,negative,1.2399780950280218e-09
1606154053330747392,negative,0.00020407901548190948
1606154065636823040,negative,0.00693592130488782
1606154112608792578,negative,0.0005231195872544347
1606154129990197249,negative,0.04479249578605244
1606154130791202817,negative,0.0625125127810408
1606154134175944704,negative,0.0005231195872544347
1606154141490880512,negative,2.0266247271030072e-10
1606154144481284096,negative,9.478110182219939e-06
1606154157450153984,negative,2.821554783288402e-10
1606154167885582337,negative,0.1925499813455292
1606154172625215489,negative,4.267545602867269e-06
1606154184478302209,negative,0.00039706060221475075
1606154189758816256,negative,0.000602782010934994
1606154192900366336,negative,0.0001374414850058044
1606154199166763009,negative,9.478110182219939e-06
1606154204690743296,negative,0.0005231195872544347
1606154209774211072,negative,3.010842928794081e-07
1606154210499874817,negative,1.2399780950280218e-09
1606154217365725184,negative,0.000602782010934994
1606154217953148928,positive,0.6732574950696723
1606154220318515200,positive,0.917020288528587
1606154222231293953,negative,0.00019003875403090617
1606154227205787648,negative,4.015127427048899e-06
1606156836222029824,negative,9.478110182219939e-06
1606156851694817280,negative,3.3220503739862003e-06
1606156853724909574,negative,3.010842928794081e-07
1606156855914266625,negative,0.09493507912153018
1606156856124022784,negative,4.267545602867269e-06
1606156873735946240,negative,0.040549654543901525
1606156885165473792,negative,0.015289548580431486
1606156893256179712,negative,0.007675198849748253
1606156902072782849,negative,4.267545602867269e-06
1606156902131548161,negative,4.015127427048899e-06
1606156902597103616,negative,1.2399780950280218e-09
1606156906061447168,negative,0.0005055357528475226
1606156915829927936,negative,0.011453923135847848
1606156922243031040,negative,0.07944136757029781
1606156926965776384,negative,6.042056376385285e-05
1606156929780387843,negative,0.07944136757029781
1606156932053549056,negative,5.367893772055465e-06
1606156937187524608,negative,0.000602782010934994
1606156952228089856,negative,0.001029053378529251
1606156953083936769,negative,0.00019003875403090617
1606156955151749120,negative,0.042253586671239816
1606156967445090304,negative,0.06550171961141533
1606156972490985473,negative,3.3220503739862003e-06
1606157003264598016,positive,0.9909711805372133
1606157014110986240,negative,0.001638496390766886
1606157015746748417,negative,0.0019014172889895917
1606157017231392768,negative,0.00044090790170331514
1606157018342883329,negative,0.0005231195872544347
1606157023401234432,negative,0.04479249578605244
1606157033480212482,negative,4.267545602867269e-06
1606157045324845056,negative,0.001589123627697564
1606157056670433280,negative,0.03838153606420727
1606157059942227973,negative,0.006326731531817831
1606157070025121792,neutral,0.46511884455441777
1606157070054612998,negative,0.007296261337847528
1606157091206373382,negative,1.2399780950280218e-09
1606157093307912192,negative,0.019442173166023598
1606157097564938241,negative,0.0609528828556648
1606157101901889536,negative,0.16405480103166983
1606157103261007872,negative,0.000602782010934994
1606157106079404033,negative,0.07746858233116448
1606157115541917696,negative,8.374319242911178e-06
1606157118179921921,negative,0.01579522564214196
1606157123234119680,negative,0.0005231195872544347
1606157127935934464,negative,1.0102680152117449e-05
1606157129412276224,negative,2.0946467208862367e-05
1606157131727736832,negative,0.31531032946958115
1606157134269362177,negative,0.00039706060221475075
1606157155295318016,negative,0.00693592130488782
1606157165072330752,negative,0.03120673839347311
1606157168595435520,negative,0.006326731531817831
1606157171280027648,negative,4.015127427048899e-06
1606157174865944576,negative,0.006505112680025521
1606157188438712320,negative,0.00693592130488782
1606157189730619392,negative,0.006326731531817831
1606157191517327361,negative,0.04037407203234765
1606157195275653121,negative,0.007675198849748253
1606157196978294784,negative,0.0019014172889895917
1606157245351428096,negative,0.01135674673953897
1606157254855532544,negative,0.09778639701158447
1606157264062070784,negative,0.00039706060221475075
1606157268898041856,positive,0.9909711805372133
1606157269653233665,negative,1.9742027403138843e-09
1606157271594999808,negative,0.006585407968065553
1606157276607401984,negative,1.2399780950280218e-09
1606157279140532224,negative,7.10367301733393e-05
1606157298270756864,negative,0.00019003875403090617
1606157307183738880,negative,0.0005231195872544347
1606157329866465282,negative,7.10367301733393e-05
1606157334002089984,negative,0.07962521771493307
1606157334924984321,negative,0.023766465904425556
1606157348736622592,negative,3.3220503739862003e-06
1606157360002523138,negative,3.010842928794081e-07
1606157369251024897,negative,0.0026744085742094184
1606157371096514561,negative,0.0005231195872544347
1606157383461322753,negative,3.3220503739862003e-06
1606157384266588161,negative,0.0017522836614074794
1606157386124664833,negative,0.24348758843089763
1606157388935008260,negative,5.1818775739476654e-05
1606157389161533440,negative,0.0005231195872544347
1606157392785334272,negative,0.011453923135847848
1606157396434460673,negative,0.2968042094032778
1606157405141835776,negative,3.3220503739862003e-06
1606157426624823296,negative,0.00409397739635324
1606157427035869184,negative,0.0005231195872544347
1606157433071538178,negative,3.5055711883572747e-06
1606157450700132353,negative,5.1818775739476654e-05
1606157464050683904,negative,0.0060297853464471715
1606157480844611584,negative,0.01164598928078632
1606157481054306304,negative,0.029499764394320862
1606157486905430017,negative,0.02096101149685903
1606157490399465473,negative,3.3220503739862003e-06
1606157492823633920,negative,3.2284465309554213e-06
1606157496497774592,negative,0.03298158927913557
1606157497395396609,negative,0.001589123627697564
1606157514411626496,negative,2.823666579589163e-08
1606157516374564868,negative,0.010781517630167653
1606157539543957504,negative,2.264768834065174e-05
1606157542517723136,negative,0.0005231195872544347
1606157563460042755,negative,0.020581424811393575
1606157588776865793,negative,0.0003493761870195781
1606157591934930952,negative,6.5150960401617e-06
1606157615003680769,negative,0.00020017337815339252
1606157619453755399,positive,0.917020288528587
1606157638064119810,negative,0.0005231195872544347
1606157638948921344,negative,0.12835585079377618
1606157643902377985,negative,0.006585407968065553
1606157668053176320,negative,9.478110182219939e-06
1606157670569738240,negative,9.913861715904454e-08
1606157687871283200,negative,0.00018829350116928234
1606157701779709953,negative,0.000602782010934994
1606157727008542723,negative,1.2399780950280218e-09
1606157768301371392,negative,5.1818775739476654e-05
1606157779860803585,positive,0.917020288528587
1606157796696739840,negative,1.2399780950280218e-09
1606157809279569920,negative,0.0003493761870195781
1606157813327069186,negative,1.8726525987241155e-07
1606157827793227776,negative,0.10910976731358407
1606157831270301696,positive,0.917020288528587
1606157832243580928,negative,3.010842928794081e-07
1606157834277699585,negative,0.000602782010934994
1606157836416737282,negative,4.267545602867269e-06
1606157843559698432,negative,0.0007379804539954838
1606157847120707585,negative,0.001029053378529251
1606157853533917189,neutral,0.4198326261492721
1606157853731028992,negative,0.0025712272081240915
1606157891202781184,negative,0.006585407968065553
1606157894155632640,positive,0.8097845648101831
1606157907933831170,negative,4.015127427048899e-06
1606157909792022528,negative,3.010842928794081e-07
1606157923423424513,negative,0.0005231195872544347
1606157932667740160,negative,0.006942538789493562
1606157934135738368,negative,0.001589123627697564
1606157935192592386,negative,1.2399780950280218e-09
1606157950095183874,negative,0.02518946911321949
1606157959825719297,negative,1.2399780950280218e-09
1606160535925317632,negative,0.001029053378529251
1606160542086754311,negative,0.00022202396608231754
1606160543135387649,negative,0.07069872916848068
1606160570427637761,negative,0.0005231195872544347
1606160586303098882,negative,0.000643062022956085
1606160611246714881,negative,0.02328874909144039
1606160617953382400,negative,5.8504620541686105e-05
1606160634172739584,negative,0.0005231195872544347
1606160635800170496,negative,0.004201877133368651
1606160638425735170,negative,3.3220503739862003e-06
1606160638652436480,negative,0.0005231195872544347
1606160647112298497,negative,0.0005231195872544347
1606160654435373056,negative,0.006585407968065553
1606160668209684480,negative,0.00039706060221475075
1606160677969661953,negative,1.6722971905641965e-05
1606160678590435328,negative,0.001111172764863207
1606160690225369090,negative,5.1818775739476654e-05
1606160693467545600,negative,0.17304395933925087
1606160695502032896,negative,0.190782656050109
1606160695866843137,negative,0.003941235785976629
1606160699079548928,negative,4.267545602867269e-06
1606160703085330433,negative,0.00039706060221475075
1606160720831385600,negative,0.006585407968065553
1606160721414234112,negative,4.267545602867269e-06
1606160743308480513,negative,0.00028714826341814237
1606160765911703553,negative,0.007862608852759028
1606160777991229441,negative,0.04236855089616396
1606160796764889088,negative,0.051219465877786516
1606160798103085058,negative,0.000602782010934994
1606160806390816768,negative,0.001589123627697564
1606160807414202369,negative,0.001589123627697564
1606160811562479616,negative,0.000602782010934994
1606160844966043648,negative,0.02518946911321949
1606160845347528704,negative,9.478110182219939e-06
1606160849537835008,negative,6.210949659566108e-07
1606160861554348032,negative,3.928344813147606e-05
1606160867933896704,negative,0.0005231195872544347
1606160872971202563,negative,0.006326731531817831
1606160895414919169,negative,1.2399780950280218e-09
1606160898241884160,negative,0.010781517630167653
1606160898422214657,negative,0.0019014172889895917
1606160899303251971,negative,3.010842928794081e-07
1606160900473307136,negative,3.010842928794081e-07
1606160909797318657,negative,0.1263329483587601
1606160910866780161,negative,0.16531694186272897
1606160918869590016,negative,0.000602782010934994
1606160944874360833,negative,0.000602782010934994
1606160954076499969,negative,0.0005231195872544347
1606160957037694976,negative,2.6380200732250116e-06
1606160965103276032,negative,6.787211966675998e-07
1606160975203368962,negative,0.0005231195872544347
1606160983340093441,negative,0.000602782010934994
1606160987903561728,negative,1.2399780950280218e-09
1606160993880395776,negative,4.545155019708057e-06
1606160994727755778,negative,0.18249341853803136
1606160999119085570,negative,4.267545602867269e-06
1606161038671433729,negative,0.1823822755131179
1606161040164601859,negative,0.008212212310359882
1606161040596672512,negative,0.0005231195872544347
1606161060825743368,negative,2.264768834065174e-05
1606161066027024384,negative,4.267545602867269e-06
1606161079247069184,negative,1.2399780950280218e-09
1606161088424263680,negative,0.0013503051528771172
1606161091980972035,negative,7.790082870610496e-05
1606161095302926338,negative,0.07649308481326983
1606161104165543936,negative,0.001589123627697564
1606161106782736385,negative,0.000602782010934994
1606161110461075458,negative,1.1122236038028715e-05
1606161119071981568,negative,5.367893772055465e-06
1606161121324331009,negative,0.019319398028182402
1606161124382019584,negative,0.0025712272081240915
1606161126588182528,negative,0.001589123627697564
1606161129591296001,negative,3.331181849737989e-16
1606161137103294465,negative,3.010842928794081e-07
1606161141964558336,negative,0.17530011606073342
1606161145881972736,negative,2.3351860386718233e-10
1606161151800348673,negative,3.2284465309554213e-06
1606161158431379456,negative,7.10367301733393e-05
1606161177339301888,negative,4.267545602867269e-06
1606161178320932866,negative,0.00015537597497100242
1606161182871523328,negative,3.010842928794081e-07
1606161183278395392,negative,2.822767721910791e-06
1606161186202034176,negative,0.0016781574778493252
1606161199267254272,negative,2.150878005602927e-06
1606161201045684226,negative,0.0005231195872544347
1606161206833688576,negative,5.367893772055465e-06
1606161208595267584,negative,3.3220503739862003e-06
1606161210591756289,negative,0.006326731531817831
1606161245010202624,negative,2.415441407950709e-08
1606161252291444738,positive,0.9909711805372133
1606161254019584001,negative,4.267545602867269e-06
1606161263599308800,negative,0.04479249578605244
1606161264249475072,negative,0.005569876247175972
1606161271732129792,negative,2.691499436359569e-05
1606161276501098498,negative,4.015127427048899e-06
1606161281894912000,negative,0.0013950891984758059
1606161293391499265,negative,0.0005670933369890204
1606161311125032960,negative,0.0005231195872544347
1606161312911859712,negative,0.01593870308749332
1606161321916915712,negative,0.0005046098044589038
1606161324345393153,positive,0.7413581740248872
1606161336823476225,negative,3.3220503739862003e-06
1606161351117656064,negative,0.00018829350116928234
1606161352409567235,negative,3.3220503739862003e-06
1606161359091036160,negative,3.010842928794081e-07
1606161359305048064,negative,0.04263162996312059
1606161375121874947,positive,0.6904403350553094
1606161375625183233,negative,0.001029053378529251
1606161377592082432,negative,0.0073428173107797975
1606161391970287622,negative,0.16531694186272897
1606161399239135232,negative,0.0005670933369890204
1606161406264475648,negative,0.16531694186272897
1606161410899054592,negative,0.001589123627697564
1606161413558394881,negative,3.3220503739862003e-06
1606161420365594627,negative,0.05125968577049344
1606161422118883328,negative,0.17754470762455984
1606161431535136768,negative,4.267545602867269e-06
1606161445527334912,negative,9.478110182219939e-06
1606161469313163269,negative,0.001589123627697564
1606161471087341570,negative,0.0035535543521771898
1606161478930665472,negative,0.000602782010934994
1606161485603819522,negative,3.010842928794081e-07
1606161503505129472,negative,5.521637487853838e-05
1606161503966502912,negative,0.000602782010934994
1606161506269138944,negative,0.0007975089113280285
1606161513458319360,negative,0.11982024781516173
1606161530281529345,negative,0.0005231195872544347
1606161539903328256,negative,0.006326731531817831
1606161540415193088,negative,0.00039706060221475075
1606161549667667969,negative,4.267545602867269e-06
1606161551316045825,negative,7.388318776366986e-05
1606161556730806272,negative,0.02518946911321949
1606161563512995840,negative,2.2120364589754537e-08
1606161575882018816,negative,3.010842928794081e-07
1606161575965884416,neutral,0.43435923340201615
1606161581577883649,negative,4.267545602867269e-06
1606161582806835200,negative,0.0009266532744124725
1606161584090361856,neutral,0.42695075000513394
1606161600183934977,negative,9.478110182219939e-06
1606161605934325761,negative,4.267545602867269e-06
1606161626876456960,negative,0.00027187143454909216
1606161636628144128,negative,4.267545602867269e-06
1606161638012293120,negative,9.478110182219939e-06
1606161640725966848,negative,1.2399780950280218e-09
1606161658509869056,negative,0.0003125269437043364
1606161663824011266,negative,0.00018829350116928234
1606161665371672576,negative,0.0035863819456733235
1606161680458719234,negative,0.019442173166023598
1606161682480381952,negative,5.8214114095598545e-08
1606161685361721344,negative,1.2399780950280218e-09
1606161688452964352,negative,0.016079581834631918
1606161697311440899,negative,0.0005231195872544347
1606161706346074113,negative,0.31531032946958115
1606161707239358464,negative,0.0005231195872544347
1606161709537828864,negative,3.3220503739862003e-06
1606161729670389760,negative,1.2399780950280218e-09
1606161735030673409,negative,7.10367301733393e-05
1606161740806254592,negative,1.9742027403138843e-09
1606161747911462912,negative,3.010842928794081e-07
1606161755209703424,negative,0.04794021137248383
1606161758158082051,negative,0.023766465904425556
1606161765066317824,neutral,0.42763653545659
1606161772196483072,negative,3.3220503739862003e-06
1606161779264045059,negative,3.010842928794081e-07
1606164390981488642,negative,3.882646263514857e-05
1606164396253642752,negative,7.10367301733393e-05
1606164401219837952,negative,4.267545602867269e-06
1606164436275761152,negative,6.837354269135817e-07
1606164439471984640,negative,0.04479249578605244
1606164456748109824,positive,0.917020288528587
1606164459256324096,negative,0.001589123627697564
1606164473634377728,negative,7.617816616450561e-10
1606164477493256197,negative,9.478110182219939e-06
1606164500079443968,negative,0.001029053378529251
1606164519318827008,negative,0.23133931918896122
1606164532430139392,negative,0.00039706060221475075
1606164553418608640,negative,4.4477336369493194e-05
1606164558472568832,negative,7.10367301733393e-05
1606164563627413504,negative,3.3220503739862003e-06
1606164568861917184,negative,0.0013372893854665625
1606164569986142208,negative,1.2399780950280218e-09
1606164571420430337,negative,3.010842928794081e-07
1606164583974113281,negative,0.0017522836614074794
1606164589204230145,negative,0.019442173166023598
1606164634884395008,negative,2.913708146230687e-09
1606164645680537600,negative,0.006585407968065553
1606164648171954177,negative,0.001589123627697564
1606164652265717761,negative,0.010461479197896702
1606164657089167361,negative,4.267545602867269e-06
1606164671463010304,negative,0.002641587853604742
1606164686231072768,negative,1.2780488385071813e-05
1606164698553991169,negative,9.184728577679519e-10
1606164702081556484,negative,0.0065988619260073395
1606164709584949248,negative,0.002677693524224225
1606164713250791424,negative,0.000602782010934994
1606164713930256384,negative,0.001589123627697564
1606164722251751424,negative,1.2399780950280218e-09
1606164734121717762,negative,0.2778253003672546
1606164758213836801,negative,0.00241833664576005
1606164759367278592,negative,0.02518946911321949
1606164772956749825,negative,0.007764076232633976
1606164791936040960,negative,0.0005856487340245937
1606164798671966208,negative,0.000602782010934994
1606164801436192770,negative,0.00022792784003747394
1606164808528699392,negative,0.07612877205852664
1606164809233453059,negative,4.267545602867269e-06
1606164818607476737,negative,2.7503568845256368e-05
1606164820901990402,negative,0.000602782010934994
1606164826950074368,negative,0.00018829350116928234
1606164830448226306,negative,4.267545602867269e-06
1606164845291716611,negative,1.2399780950280218e-09
1606164848101928960,negative,0.006585407968065553
1606164853155975168,negative,3.6535799099740823e-09
1606164855295053824,positive,0.9313439487312256
1606164855311974400,negative,0.00010470213841632239
1606164861016190976,negative,1.7937678985748992e-06
1606164868352028673,negative,4.267545602867269e-06
1606164886123225089,negative,7.10367301733393e-05
1606164894595678211,negative,5.8214114095598545e-08
1606164914904580096,negative,5.891509959975418e-05
1606164920961306624,negative,0.001589123627697564
1606164922622087168,negative,0.0005231195872544347
1606164934349377537,negative,9.184728577679519e-10
1606164946357669894,negative,0.17530011606073342
1606164955476041728,negative,0.02541243537425854
1606164965890707456,negative,0.023766465904425556
1606164966448447488,negative,3.010842928794081e-07
1606165017065291776,negative,0.006585407968065553
1606165021578461184,negative,0.008650101163319846
1606165039982948352,negative,4.267545602867269e-06
1606165045313826816,negative,1.5536864874664243e-07
1606165049470500864,negative,1.2399780950280218e-09
1606165078482423809,negative,0.00028714826341814237
1606165086430806016,positive,0.917020288528587
1606165087235948544,negative,9.478110182219939e-06
1606165090457231361,negative,9.478110182219939e-06
1606165095704403968,negative,9.478110182219939e-06
1606165143712407558,negative,0.001589123627697564
1606165154751709184,negative,0.03781786434773064
1606165168882425856,negative,3.2785873108680236e-05
1606165170505584642,negative,0.0011177355658247145
1606165173894402048,negative,3.010842928794081e-07
1606165174129287174,negative,0.0609528828556648
1606165196208148481,negative,0.0005231195872544347
1606165206656335872,negative,0.0005231195872544347
1606165210208690176,negative,9.478110182219939e-06
1606165214965243904,negative,6.182154446556333e-07
1606165215762157569,negative,0.1011755830053444
1606165218509303809,negative,0.0035863819456733235
1606165236809187328,negative,0.020936083248141744
1606165259177295872,negative,4.267545602867269e-06
1606165261140209664,negative,0.001589123627697564
1606165270657056769,negative,0.000602782010934994
1606165276906512385,neutral,0.37503987903179314
1606165277468663809,negative,0.12435562932960127
1606165283315408896,negative,2.487414680184183e-07
1606165287853707264,negative,0.02518946911321949
1606165298637180928,negative,1.2399780950280218e-09
1606165304589049861,negative,1.5899852862806073e-08
1606165309315874818,negative,9.478110182219939e-06
1606165312189206528,negative,1.2399780950280218e-09
1606165341838655488,negative,0.0005231195872544347
1606165344392925184,negative,2.4906688363293902e-05
1606165348365078528,negative,0.0005231195872544347
1606165349551943681,negative,0.20653288631858718
1606165375887908865,negative,0.0028755718049934026
1606165378194964481,positive,0.917020288528587
1606165399132770306,negative,0.0005231195872544347
1606165409534615552,negative,9.478110182219939e-06
1606165412294447105,negative,5.232596445180216e-06
1606165427750666240,negative,0.0003493761870195781
1606165430774599681,negative,3.3220503739862003e-06
1606165435082166272,negative,0.185720955610817
1606165436281737219,negative,0.00039706060221475075
1606165441747030016,negative,0.015283007534280559
1606165445064548353,negative,0.0005231195872544347
1606165454208217088,negative,0.000602782010934994
1606165464266178560,negative,4.267545602867269e-06
1606165470817705984,negative,1.2399780950280218e-09
1606165471774052353,negative,0.0005231195872544347
1606165476920373248,negative,4.267545602867269e-06
1606165478430461952,negative,0.02965263853524224
1606165494741901312,negative,4.267545602867269e-06
1606165500630667265,negative,3.010842928794081e-07
1606165515025645570,negative,0.00039706060221475075
1606165520692166657,negative,0.12611092021193102
1606165546084376576,negative,1.2399780950280218e-09
1606152996416520192,neutral,0.4737554465528978
1606153648219619329,negative,0.0736401149528525
1606153923877736448,negative,0.24219378264129496
1606154684812722178,negative,0.0003205180444231842
1606156537487151106,neutral,0.5505550505941735
1606158535191957504,negative,0.06093358803892113
1606158600191123456,neutral,0.49789225920557484
1606158935882227712,positive,0.9383345078595954
1606160743442825217,negative,0.23448651938445522
1606161237057761280,positive,0.7506404608633643
1606161252471947264,positive,0.7506404608633643
1606161411087814656,negative,9.06984296129636e-06
1606161832061779968,positive,0.7279316787251428
1606162261118173185,positive,0.7223418709291067
1606162406048030720,positive,0.8619084794855766
1606162890339209216,neutral,0.49789225920557484
1606163315423690752,neutral,0.49789225920557484
1606163950663516161,neutral,0.49789225920557484
1606165367855779843,negative,4.230563155374826e-15
1606165676330258433,negative,0.23448651938445522
1606166139935006721,positive,0.7506404608633643
1606166203831144451,neutral,0.6026518514704693
1606167131703369728,neutral,0.6026518514704693
1606153974712860673,negative,0.14354541875708504
1606156488136867842,negative,0.00013755614192002724
1606156962328084483,neutral,0.49789225920557484
1606159808930779137,negative,2.4341617560218888e-05
1606159971028066305,negative,0.0020581211900645535
1606161471431286784,negative,0.21921412548362115
1606153123759808513,neutral,0.49789225920557484
1606157724219219968,negative,9.46704180954243e-08
1606163095516155904,neutral,0.49789225920557484
1606164845711093761,negative,0.29150453131543796
1606165159734439937,neutral,0.49789225920557484
1606165268086099969,neutral,0.5690016896033446
1606155544951242752,neutral,0.34195942604688206
1606155894336561152,negative,2.2430908832132616e-10
1606156301859311616,neutral,0.4737554465528978
1606156558462636032,negative,0.015580441877917853
1606157854020210689,negative,0.027092883348802874
1606160277304578049,negative,0.0011590609181942994
1606160544553017344,negative,0.10377640701602449
1606162649892257792,negative,2.877077167369676e-09
1606164733018546183,negative,0.1267327219818766
1606165201908166658,negative,0.00032066987686520126
1606153605869756416,negative,0.05157677664144578
1606156052071792640,negative,0.05157677664144578
1606157425517613056,negative,0.31894895207988067
1606159654353920000,negative,0.05157677664144578
1606159986307895297,negative,0.05157677664144578
1606160055241347072,neutral,0.6575864195587456
1606160139244822528,neutral,0.49789225920557484
1606160473308614656,neutral,0.49789225920557484
1606161497733750784,negative,0.05157677664144578
1606163406964240384,neutral,0.6575864195587456
1606163902579998720,neutral,0.6575864195587456
1606164534355542017,negative,0.05157677664144578
1606165167854612480,neutral,0.49789225920557484
1606165528812261378,negative,0.05157677664144578
1606166777913700357,neutral,0.49789225920557484
1606167039575740416,neutral,0.49789225920557484
1606167667030708225,negative,0.05157677664144578
1606152744980533248,negative,0.05848779566204575
1606152872151785473,negative,1.0642542530315246e-07
1606152904519258113,negative,0.07866324848098241
1606152932755267586,negative,6.149570003598123e-08
1606152938124189696,negative,0.00023205608726866944
1606153032764231685,negative,0.16789512971824863
1606153062564786178,negative,7.76444099900712e-11
1606153093070016512,negative,0.16892353384131323
1606153105577373696,negative,0.0395029725670456
1606153125911359488,negative,0.01604311934394364
1606153153333710848,negative,0.01955786345745078
1606153162364137472,neutral,0.5196759542255962
1606153166206078982,negative,6.508925403738966e-05
1606153201853468677,negative,0.0009434465438836962
1606153217301020672,negative,0.009385687059660162
1606153246065704960,positive,0.9277175935717517
1606153375023714304,neutral,0.43774027112591785
1606153433987178496,neutral,0.5196759542255962
1606153500840411138,negative,4.7718092858866795e-06
1606153507718852608,neutral,0.43774027112591785
1606153554212724736,negative,0.004296561058698566
1606153645610917888,negative,0.19966625998167184
1606153686194888705,negative,2.690310776005143e-05
1606153708655493120,negative,0.01955786345745078
1606153728356192262,negative,1.925134465717473e-07
1606153766863917056,negative,2.5794668444070234e-07
1606153845641469954,negative,0.009385687059660162
1606153862376673283,negative,0.000305692366794277
1606153917305192448,negative,1.0499509770153584e-05
1606154030681452545,negative,0.006413722851443371
1606154031662977024,neutral,0.43774027112591785
1606154119210639360,negative,0.19966625998167184
1606154342108729344,negative,5.162126298303197e-10
1606154389726457858,negative,0.295189381089469
1606154441811365888,negative,0.0049948044845380185
1606154563416989698,negative,0.0019055085513497078
1606154610871128072,negative,0.04736161571281115
1606154612842434566,negative,0.295189381089469
1606154757332037632,negative,0.25592719924919677
1606154800545927168,negative,0.035947731620236616
1606154912773025792,neutral,0.6222703436154974
1606154925758611456,negative,0.0395029725670456
1606154946969325568,positive,0.9855474085353831
1606154967554957313,negative,0.0036347319555703177
1606155009606811649,negative,0.009304355389067178
1606155125524992003,negative,5.162126298303197e-10
1606155185293705218,negative,1.7648828852877336e-07
1606155308715216896,negative,0.10935463198011851
1606155348082970624,neutral,0.6222703436154974
1606155356324761600,negative,4.5031866851990756e-08
1606155359608979456,negative,0.0395029725670456
1606155432111792128,negative,0.00022792784003747394
1606155434443689984,negative,2.2010424327580657e-10
1606155454123577345,negative,0.0005396240033331599
1606155475036372993,negative,0.0395029725670456
1606155526382960640,neutral,0.48060084703158534
1606155582888726531,negative,0.02823997448702554
1606155672722227201,neutral,0.6537474969498027
1606155867572748288,negative,0.06363856802293467
1606156017951195137,negative,0.0013372893854665625
1606156019675045888,negative,0.00022792784003747394
1606156054517227520,negative,0.06363856802293467
1606156113480519680,negative,0.016110683129405494
1606156119189032960,negative,0.00012775992075947785
1606156131277033473,negative,0.0019014172889895917
1606156131486691329,negative,0.0395029725670456
1606156143146868737,negative,0.009304355389067178
1606156191062642688,negative,0.22448254051720035
1606156253423554560,negative,0.0019014172889895917
1606156269290668033,negative,0.0395029725670456
1606156309862260739,neutral,0.6222703436154974
1606156336512880640,neutral,0.5455286806748783
1606156450308374529,negative,5.162126298303197e-10
1606156479324721153,negative,0.0019014172889895917
1606156633351954433,negative,0.027256500549726226
1606156664591323136,negative,2.609415488596132e-19
1606156670635315200,negative,0.0034077720469935357
1606156694349922305,negative,0.00044033527894405327
1606156758786793472,negative,1.9213165632422102e-05
1606156940320444417,negative,0.3285044518483338
1606156972683927552,negative,0.00046435020746744674
1606156988177694720,negative,0.0395029725670456
1606157311436681216,negative,0.013907038573300093
1606157429590282241,negative,0.007565410648316662
1606157759094788098,negative,1.274967255283937e-05
1606157771518287872,negative,1.1348393199146375e-06
1606157821904506881,neutral,0.49789225920557484
1606157848194342912,negative,1.1348393199146375e-06
1606157938774507520,negative,0.0414343524097533
1606157974698831873,negative,0.00025570687158860865
1606158016423804931,negative,0.0013372893854665625
1606158040272625664,negative,2.2177656247427271e-07
1606158219193319424,neutral,0.6222703436154974
1606158243465551872,positive,0.6904403350553094
1606158407605448705,negative,1.5874671913128253e-05
1606158433790615553,negative,0.00011607898105105524
1606158550689935360,negative,3.690532932616885e-05
1606158553776918528,positive,0.6904403350553094
1606158555274350593,negative,0.0395029725670456
1606158589361627137,negative,0.12425642988841339
1606158708769185792,negative,0.02935266944683751
1606158840667447298,negative,5.162126298303197e-10
1606158939061641217,negative,0.0019014172889895917
1606158976319488000,negative,0.005948711293887373
1606158998155268099,negative,0.0395029725670456
1606159062432874499,negative,0.01604311934394364
1606159063137472517,negative,0.0013372893854665625
1606159145064796160,negative,0.03614226688808491
1606159157647785985,negative,0.0015671290158622518
1606159365265797120,negative,0.014802382322567347
1606159387869036544,negative,0.005948711293887373
1606159417480732673,negative,4.962823733539104e-07
1606159495620591616,negative,0.0395029725670456
1606159676961275905,negative,0.02532507642510138
1606159694539603968,positive,0.6904403350553094
1606159741243297792,negative,0.0019014172889895917
1606159894679326720,negative,3.643593711012247e-05
1606159911645196290,negative,0.002007174347104407
1606159978716241920,negative,0.00022792784003747394
1606160111499476993,negative,0.03933145316559243
1606160148308713473,positive,0.6904403350553094
1606160264432193536,neutral,0.6222703436154974
1606160327552274432,negative,5.162126298303197e-10
1606160562261327872,negative,3.643593711012247e-05
1606160604854513666,negative,0.3069483750433671
1606160618020515842,negative,0.03430047529813623
1606160728825778179,negative,9.95360925175701e-05
1606160782009540608,negative,0.0008631657596819452
1606160967615729665,negative,0.16892353384131323
1606161113774694400,negative,5.162126298303197e-10
1606161329517219841,negative,3.262924407591052e-05
1606161613370933248,negative,0.3285044518483338
1606161679804379137,negative,0.0395029725670456
1606161777175076864,negative,0.00017963355806933177
1606161862311104512,negative,0.0019014172889895917
1606161865855234048,negative,2.858195629603019e-06
1606161912508604416,negative,0.0005419271679700495
1606162060131172353,negative,0.0019014172889895917
1606162183452123136,negative,0.0019014172889895917
1606162203710607362,negative,0.0811249443465856
1606162253249597440,neutral,0.5196759542255962
1606162254277185536,negative,0.0007443366602691233
1606162296752852992,negative,2.3244688656630395e-12
1606162488705302528,negative,0.0019014172889895917
1606162649149947904,negative,0.3285044518483338
1606162690149273601,negative,3.765343256191657e-09
1606162752497664000,negative,0.0019014172889895917
1606163240265740288,negative,0.008094584039443782
1606163251598950402,negative,0.0013372893854665625
1606163533770526720,negative,0.02768828626897827
1606163572026880000,negative,6.996009278880063e-07
1606163611931611136,negative,0.0013372893854665625
1606163948591452161,negative,3.2690237250680793e-08
1606164067822944257,negative,5.162126298303197e-10
1606164117798232064,negative,7.251062180647582e-11
1606164138366865408,negative,0.1779568513812846
1606164221627994113,negative,0.0020320538352440794
1606164271661871104,neutral,0.6349988002432403
1606164371670896644,negative,0.0070187652619675715
1606164560733413376,negative,5.7796412858796575e-06
1606164579133767680,negative,0.0395029725670456
1606164649115758593,negative,7.251062180647582e-11
1606164849074896898,negative,5.199269924496255e-09
1606165135063744513,negative,0.010015015917455742
1606165185768476672,negative,0.04748628687312304
1606165209176907776,negative,0.0395029725670456
1606165344720240646,negative,0.0005419271679700495
1606165461959208960,neutral,0.6222703436154974
1606165646412169217,negative,1.2676457866959672e-06
1606165841975955456,negative,0.13559648630100257
1606165852834783232,neutral,0.6222703436154974
1606165877585457152,negative,2.812298712646633e-07
1606166012289642496,negative,0.3285044518483338
1606166121631170560,negative,1.9213165632422102e-05
1606166256717004802,negative,0.00022792784003747394
1606166260563206144,neutral,0.5196759542255962
1606166396894736385,neutral,0.6222703436154974
1606166406202097667,positive,0.7075034696565119
1606166554294358016,negative,0.004068954177173251
1606166700587569152,negative,0.3285044518483338
1606166834159292417,negative,0.0014962996395958424
1606166910944436225,negative,0.0013372893854665625
1606167286238150656,negative,0.00012775992075947785
1606167363300343808,negative,0.12425642988841339
1606167384120868864,negative,0.00301040754621414
1606167414088929286,negative,0.0395029725670456
1606167662555340800,negative,1.088400261732533e-05
1606167670549643264,negative,0.12425642988841339
