"","Date","Time"
"2","2020-08-06","00:00 UTC"
"3","2020-08-06","01:00 UTC"
"4","2020-08-06","02:00 UTC"
"5","2020-08-06","03:00 UTC"
"6","2020-08-06","04:00 UTC"
"7","2020-08-06","05:00 UTC"
"8","2020-08-06","06:00 UTC"
"9","2020-08-06","07:00 UTC"
"10","2020-08-06","08:00 UTC"
"11","2020-08-06","09:00 UTC"
"12","2020-08-06","10:00 UTC"
"13","2020-08-06","11:00 UTC"
"14","2020-08-06","12:00 UTC"
"15","2020-08-06","13:00 UTC"
"16","2020-08-06","14:00 UTC"
"17","2020-08-06","15:00 UTC"
"18","2020-08-06","16:00 UTC"
"19","2020-08-06","17:00 UTC"
"20","2020-08-06","18:00 UTC"
"21","2020-08-06","19:00 UTC"
"22","2020-08-06","20:00 UTC"
"23","2020-08-06","21:00 UTC"
"24","2020-08-06","22:00 UTC"
"25","2020-08-06","23:00 UTC"
"26","2020-08-08","00:00 UTC"
"27","2020-08-08","01:00 UTC"
"28","2020-08-08","02:00 UTC"
"29","2020-08-08","03:00 UTC"
"30","2020-08-08","04:00 UTC"
"31","2020-08-08","05:00 UTC"
"32","2020-08-08","06:00 UTC"
"33","2020-08-08","07:00 UTC"
"34","2020-08-08","08:00 UTC"
"35","2020-08-08","09:00 UTC"
"36","2020-08-08","10:00 UTC"
"37","2020-08-08","11:00 UTC"
"38","2020-08-08","12:00 UTC"
"39","2020-08-08","13:00 UTC"
"40","2020-08-08","14:00 UTC"
"41","2020-08-08","15:00 UTC"
"42","2020-08-08","16:00 UTC"
"43","2020-08-08","17:00 UTC"
"44","2020-08-08","18:00 UTC"
"45","2020-08-08","19:00 UTC"
"46","2020-08-08","20:00 UTC"
"47","2020-08-08","21:00 UTC"
"48","2020-08-08","22:00 UTC"
"49","2020-08-08","23:00 UTC"
"50","2020-08-09","00:00 UTC"
"51","2020-08-09","01:00 UTC"
"52","2020-08-09","02:00 UTC"
"53","2020-08-09","03:00 UTC"
"54","2020-08-09","04:00 UTC"
"55","2020-08-09","05:00 UTC"
"56","2020-08-09","06:00 UTC"
"57","2020-08-09","07:00 UTC"
"58","2020-08-09","08:00 UTC"
"59","2020-08-09","09:00 UTC"
"60","2020-08-09","10:00 UTC"
"61","2020-08-09","11:00 UTC"
"62","2020-08-09","12:00 UTC"
"63","2020-08-09","13:00 UTC"
"64","2020-08-09","14:00 UTC"
"65","2020-08-09","15:00 UTC"
"66","2020-08-09","16:00 UTC"
"67","2020-08-09","17:00 UTC"
"68","2020-08-09","18:00 UTC"
"69","2020-08-09","19:00 UTC"
"70","2020-08-09","20:00 UTC"
"71","2020-08-09","21:00 UTC"
"72","2020-08-09","22:00 UTC"
"73","2020-08-09","23:00 UTC"
"74","2020-08-14","00:00 UTC"
"75","2020-08-14","01:00 UTC"
"76","2020-08-14","02:00 UTC"
"77","2020-08-14","03:00 UTC"
"78","2020-08-14","04:00 UTC"
"79","2020-08-14","05:00 UTC"
"80","2020-08-14","06:00 UTC"
"81","2020-08-14","07:00 UTC"
"82","2020-08-14","08:00 UTC"
"83","2020-08-14","09:00 UTC"
"84","2020-08-14","10:00 UTC"
"85","2020-08-14","11:00 UTC"
"86","2020-08-14","12:00 UTC"
"87","2020-08-14","13:00 UTC"
"88","2020-08-14","14:00 UTC"
"89","2020-08-14","15:00 UTC"
"90","2020-08-14","16:00 UTC"
"91","2020-08-14","17:00 UTC"
"92","2020-08-14","18:00 UTC"
"93","2020-08-14","19:00 UTC"
"94","2020-08-14","20:00 UTC"
"95","2020-08-14","21:00 UTC"
"96","2020-08-14","22:00 UTC"
"97","2020-08-14","23:00 UTC"
"98","2021-05-06","00:00 UTC"
"99","2021-05-06","01:00 UTC"
"100","2021-05-06","02:00 UTC"
"101","2021-05-06","03:00 UTC"
"102","2021-05-06","04:00 UTC"
"103","2021-05-06","05:00 UTC"
"104","2021-05-06","06:00 UTC"
"105","2021-05-06","07:00 UTC"
"106","2021-05-06","08:00 UTC"
"107","2021-05-06","09:00 UTC"
"108","2021-05-06","10:00 UTC"
"109","2021-05-06","11:00 UTC"
"110","2021-05-06","12:00 UTC"
"111","2021-05-06","13:00 UTC"
"112","2021-05-06","14:00 UTC"
"113","2021-05-06","15:00 UTC"
"114","2021-05-06","16:00 UTC"
"115","2021-05-06","17:00 UTC"
"116","2021-05-06","18:00 UTC"
"117","2021-05-06","19:00 UTC"
"118","2021-05-06","20:00 UTC"
"119","2021-05-06","21:00 UTC"
"120","2021-05-06","22:00 UTC"
"121","2021-05-06","23:00 UTC"
"122","2022-10-29","00:00 UTC"
"123","2022-10-29","01:00 UTC"
"124","2022-10-29","02:00 UTC"
"125","2022-10-29","03:00 UTC"
"126","2022-10-29","04:00 UTC"
"127","2022-10-29","05:00 UTC"
"128","2022-10-29","06:00 UTC"
"129","2022-10-29","07:00 UTC"
"130","2022-10-29","08:00 UTC"
"131","2022-10-29","09:00 UTC"
"132","2022-10-29","10:00 UTC"
"133","2022-10-29","11:00 UTC"
"134","2022-10-29","12:00 UTC"
"135","2022-10-29","13:00 UTC"
"136","2022-10-29","14:00 UTC"
"137","2022-10-29","15:00 UTC"
"138","2022-10-29","16:00 UTC"
"139","2022-10-29","17:00 UTC"
"140","2022-10-29","18:00 UTC"
"141","2022-10-29","19:00 UTC"
"142","2022-10-29","20:00 UTC"
"143","2022-10-29","21:00 UTC"
"144","2022-10-29","22:00 UTC"
"145","2022-10-29","23:00 UTC"
"146","2022-10-30","00:00 UTC"
"147","2022-10-30","01:00 UTC"
"148","2022-10-30","02:00 UTC"
"149","2022-10-30","03:00 UTC"
"150","2022-10-30","04:00 UTC"
"151","2022-10-30","05:00 UTC"
"152","2022-10-30","06:00 UTC"
"153","2022-10-30","07:00 UTC"
"154","2022-10-30","08:00 UTC"
"155","2022-10-30","09:00 UTC"
"156","2022-10-30","10:00 UTC"
"157","2022-10-30","11:00 UTC"
"158","2022-10-30","12:00 UTC"
"159","2022-10-30","13:00 UTC"
"160","2022-10-30","14:00 UTC"
"161","2022-10-30","15:00 UTC"
"162","2022-10-30","16:00 UTC"
"163","2022-10-30","17:00 UTC"
"164","2022-10-30","18:00 UTC"
"165","2022-10-30","19:00 UTC"
"166","2022-10-30","20:00 UTC"
"167","2022-10-30","21:00 UTC"
"168","2022-10-30","22:00 UTC"
"169","2022-10-30","23:00 UTC"
