"","V1","V2","V3"
"1","2022_10_28_00","ar",8
"2","2022_10_28_00","ca",12
"3","2022_10_28_00","cs",7
"4","2022_10_28_00","cy",1
"5","2022_10_28_00","da",10
"6","2022_10_28_00","de",73
"7","2022_10_28_00","el",14
"8","2022_10_28_00","en",16307
"9","2022_10_28_00","es",2308
"10","2022_10_28_00","et",6
"11","2022_10_28_00","eu",1
"12","2022_10_28_00","fa",7
"13","2022_10_28_00","fi",1
"14","2022_10_28_00","fr",524
"15","2022_10_28_00","hi",15
"16","2022_10_28_00","ht",4
"17","2022_10_28_00","hu",3
"18","2022_10_28_00","in",281
"19","2022_10_28_00","it",70
"20","2022_10_28_00","iw",1
"21","2022_10_28_00","ja",665
"22","2022_10_28_00","ko",19
"23","2022_10_28_00","lt",2
"24","2022_10_28_00","mr",1
"25","2022_10_28_00","nl",21
"26","2022_10_28_00","no",10
"27","2022_10_28_00","pl",17
"28","2022_10_28_00","pt",1040
"29","2022_10_28_00","ro",17
"30","2022_10_28_00","ru",2
"31","2022_10_28_00","sv",5
"32","2022_10_28_00","ta",1
"33","2022_10_28_00","th",42
"34","2022_10_28_00","tl",95
"35","2022_10_28_00","tr",23
"36","2022_10_28_00","und",286
"37","2022_10_28_00","vi",3
"38","2022_10_28_00","zh",59
"39","2022_10_28_01","bn",1
"40","2022_10_28_01","ca",5
"41","2022_10_28_01","cs",4
"42","2022_10_28_01","cy",1
"43","2022_10_28_01","da",7
"44","2022_10_28_01","de",73
"45","2022_10_28_01","el",2
"46","2022_10_28_01","en",18374
"47","2022_10_28_01","es",2156
"48","2022_10_28_01","et",10
"49","2022_10_28_01","eu",1
"50","2022_10_28_01","fi",15
"51","2022_10_28_01","fr",470
"52","2022_10_28_01","hi",39
"53","2022_10_28_01","ht",14
"54","2022_10_28_01","in",301
"55","2022_10_28_01","it",78
"56","2022_10_28_01","ja",603
"57","2022_10_28_01","kn",1
"58","2022_10_28_01","ko",27
"59","2022_10_28_01","lt",5
"60","2022_10_28_01","nl",9
"61","2022_10_28_01","no",2
"62","2022_10_28_01","pl",8
"63","2022_10_28_01","pt",2089
"64","2022_10_28_01","ro",27
"65","2022_10_28_01","ru",12
"66","2022_10_28_01","sv",5
"67","2022_10_28_01","ta",1
"68","2022_10_28_01","th",69
"69","2022_10_28_01","tl",88
"70","2022_10_28_01","tr",13
"71","2022_10_28_01","uk",5
"72","2022_10_28_01","und",287
"73","2022_10_28_01","vi",4
"74","2022_10_28_01","zh",35
"75","2022_10_28_02","ar",10
"76","2022_10_28_02","ca",8
"77","2022_10_28_02","cs",4
"78","2022_10_28_02","da",8
"79","2022_10_28_02","de",51
"80","2022_10_28_02","el",10
"81","2022_10_28_02","en",19906
"82","2022_10_28_02","es",1899
"83","2022_10_28_02","et",6
"84","2022_10_28_02","fa",1
"85","2022_10_28_02","fi",13
"86","2022_10_28_02","fr",386
"87","2022_10_28_02","hi",56
"88","2022_10_28_02","ht",7
"89","2022_10_28_02","hu",1
"90","2022_10_28_02","in",438
"91","2022_10_28_02","is",4
"92","2022_10_28_02","it",67
"93","2022_10_28_02","ja",621
"94","2022_10_28_02","ko",24
"95","2022_10_28_02","lt",1
"96","2022_10_28_02","nl",9
"97","2022_10_28_02","no",6
"98","2022_10_28_02","pl",13
"99","2022_10_28_02","pt",3212
"100","2022_10_28_02","ro",13
"101","2022_10_28_02","ru",6
"102","2022_10_28_02","si",1
"103","2022_10_28_02","sv",6
"104","2022_10_28_02","te",2
"105","2022_10_28_02","th",45
"106","2022_10_28_02","tl",77
"107","2022_10_28_02","tr",10
"108","2022_10_28_02","uk",1
"109","2022_10_28_02","und",235
"110","2022_10_28_02","zh",46
"111","2022_10_28_03","ar",5
"112","2022_10_28_03","bn",1
"113","2022_10_28_03","ca",15
"114","2022_10_28_03","cs",4
"115","2022_10_28_03","cy",2
"116","2022_10_28_03","da",3
"117","2022_10_28_03","de",118
"118","2022_10_28_03","el",6
"119","2022_10_28_03","en",17670
"120","2022_10_28_03","es",1675
"121","2022_10_28_03","et",5
"122","2022_10_28_03","eu",1
"123","2022_10_28_03","fa",1
"124","2022_10_28_03","fi",21
"125","2022_10_28_03","fr",461
"126","2022_10_28_03","hi",63
"127","2022_10_28_03","ht",9
"128","2022_10_28_03","hu",2
"129","2022_10_28_03","in",521
"130","2022_10_28_03","is",2
"131","2022_10_28_03","it",86
"132","2022_10_28_03","ja",984
"133","2022_10_28_03","ko",249
"134","2022_10_28_03","lt",7
"135","2022_10_28_03","lv",1
"136","2022_10_28_03","ml",1
"137","2022_10_28_03","mr",1
"138","2022_10_28_03","nl",20
"139","2022_10_28_03","no",2
"140","2022_10_28_03","pl",21
"141","2022_10_28_03","pt",2359
"142","2022_10_28_03","ro",9
"143","2022_10_28_03","ru",14
"144","2022_10_28_03","sl",2
"145","2022_10_28_03","sv",10
"146","2022_10_28_03","ta",5
"147","2022_10_28_03","te",2
"148","2022_10_28_03","th",77
"149","2022_10_28_03","tl",117
"150","2022_10_28_03","tr",20
"151","2022_10_28_03","uk",6
"152","2022_10_28_03","und",227
"153","2022_10_28_03","vi",2
"154","2022_10_28_03","zh",53
"155","2022_10_28_04","ar",4
"156","2022_10_28_04","bg",3
"157","2022_10_28_04","ca",19
"158","2022_10_28_04","cs",6
"159","2022_10_28_04","cy",2
"160","2022_10_28_04","da",14
"161","2022_10_28_04","de",239
"162","2022_10_28_04","el",15
"163","2022_10_28_04","en",16964
"164","2022_10_28_04","es",1304
"165","2022_10_28_04","et",15
"166","2022_10_28_04","eu",1
"167","2022_10_28_04","fa",4
"168","2022_10_28_04","fi",26
"169","2022_10_28_04","fr",884
"170","2022_10_28_04","hi",101
"171","2022_10_28_04","ht",7
"172","2022_10_28_04","in",536
"173","2022_10_28_04","is",3
"174","2022_10_28_04","it",212
"175","2022_10_28_04","iw",1
"176","2022_10_28_04","ja",623
"177","2022_10_28_04","kn",2
"178","2022_10_28_04","ko",115
"179","2022_10_28_04","lt",3
"180","2022_10_28_04","lv",2
"181","2022_10_28_04","ml",2
"182","2022_10_28_04","nl",51
"183","2022_10_28_04","no",5
"184","2022_10_28_04","pa",1
"185","2022_10_28_04","pl",61
"186","2022_10_28_04","pt",1005
"187","2022_10_28_04","ro",11
"188","2022_10_28_04","ru",23
"189","2022_10_28_04","sl",1
"190","2022_10_28_04","sv",9
"191","2022_10_28_04","ta",3
"192","2022_10_28_04","te",4
"193","2022_10_28_04","th",131
"194","2022_10_28_04","tl",168
"195","2022_10_28_04","tr",26
"196","2022_10_28_04","uk",16
"197","2022_10_28_04","und",187
"198","2022_10_28_04","zh",51
"199","2022_10_28_05","ar",5
"200","2022_10_28_05","bg",5
"201","2022_10_28_05","bn",1
"202","2022_10_28_05","ca",30
"203","2022_10_28_05","cs",7
"204","2022_10_28_05","cy",3
"205","2022_10_28_05","da",17
"206","2022_10_28_05","de",417
"207","2022_10_28_05","el",32
"208","2022_10_28_05","en",14991
"209","2022_10_28_05","es",1125
"210","2022_10_28_05","et",16
"211","2022_10_28_05","eu",2
"212","2022_10_28_05","fa",11
"213","2022_10_28_05","fi",24
"214","2022_10_28_05","fr",1362
"215","2022_10_28_05","hi",87
"216","2022_10_28_05","ht",10
"217","2022_10_28_05","hu",2
"218","2022_10_28_05","in",389
"219","2022_10_28_05","is",3
"220","2022_10_28_05","it",416
"221","2022_10_28_05","iw",3
"222","2022_10_28_05","ja",659
"223","2022_10_28_05","ko",86
"224","2022_10_28_05","lt",6
"225","2022_10_28_05","lv",2
"226","2022_10_28_05","ml",1
"227","2022_10_28_05","mr",3
"228","2022_10_28_05","ne",1
"229","2022_10_28_05","nl",108
"230","2022_10_28_05","no",7
"231","2022_10_28_05","or",1
"232","2022_10_28_05","pl",74
"233","2022_10_28_05","pt",562
"234","2022_10_28_05","ro",10
"235","2022_10_28_05","ru",41
"236","2022_10_28_05","sl",13
"237","2022_10_28_05","sv",18
"238","2022_10_28_05","ta",4
"239","2022_10_28_05","te",5
"240","2022_10_28_05","th",99
"241","2022_10_28_05","tl",189
"242","2022_10_28_05","tr",65
"243","2022_10_28_05","uk",18
"244","2022_10_28_05","und",290
"245","2022_10_28_05","ur",1
"246","2022_10_28_05","vi",4
"247","2022_10_28_05","zh",45
"248","2022_10_28_06","ar",5
"249","2022_10_28_06","bg",7
"250","2022_10_28_06","bn",3
"251","2022_10_28_06","ca",41
"252","2022_10_28_06","cs",11
"253","2022_10_28_06","cy",2
"254","2022_10_28_06","da",18
"255","2022_10_28_06","de",583
"256","2022_10_28_06","el",40
"257","2022_10_28_06","en",13611
"258","2022_10_28_06","es",891
"259","2022_10_28_06","et",39
"260","2022_10_28_06","eu",2
"261","2022_10_28_06","fa",11
"262","2022_10_28_06","fi",19
"263","2022_10_28_06","fr",1783
"264","2022_10_28_06","gu",1
"265","2022_10_28_06","hi",114
"266","2022_10_28_06","ht",9
"267","2022_10_28_06","hu",4
"268","2022_10_28_06","in",371
"269","2022_10_28_06","is",1
"270","2022_10_28_06","it",598
"271","2022_10_28_06","iw",3
"272","2022_10_28_06","ja",622
"273","2022_10_28_06","kn",2
"274","2022_10_28_06","ko",68
"275","2022_10_28_06","lt",8
"276","2022_10_28_06","lv",7
"277","2022_10_28_06","mr",3
"278","2022_10_28_06","nl",188
"279","2022_10_28_06","no",9
"280","2022_10_28_06","or",3
"281","2022_10_28_06","pl",110
"282","2022_10_28_06","pt",322
"283","2022_10_28_06","ro",11
"284","2022_10_28_06","ru",87
"285","2022_10_28_06","sl",8
"286","2022_10_28_06","sr",3
"287","2022_10_28_06","sv",26
"288","2022_10_28_06","ta",4
"289","2022_10_28_06","th",106
"290","2022_10_28_06","tl",121
"291","2022_10_28_06","tr",98
"292","2022_10_28_06","uk",33
"293","2022_10_28_06","und",294
"294","2022_10_28_06","ur",1
"295","2022_10_28_06","vi",3
"296","2022_10_28_06","zh",59
"297","2022_10_28_07","ar",7
"298","2022_10_28_07","bg",2
"299","2022_10_28_07","bn",3
"300","2022_10_28_07","ca",27
"301","2022_10_28_07","cs",19
"302","2022_10_28_07","cy",1
"303","2022_10_28_07","da",15
"304","2022_10_28_07","de",549
"305","2022_10_28_07","el",29
"306","2022_10_28_07","en",13194
"307","2022_10_28_07","es",1638
"308","2022_10_28_07","et",28
"309","2022_10_28_07","eu",4
"310","2022_10_28_07","fa",56
"311","2022_10_28_07","fi",10
"312","2022_10_28_07","fr",1926
"313","2022_10_28_07","gu",1
"314","2022_10_28_07","hi",130
"315","2022_10_28_07","ht",7
"316","2022_10_28_07","hu",6
"317","2022_10_28_07","in",345
"318","2022_10_28_07","is",1
"319","2022_10_28_07","it",723
"320","2022_10_28_07","ja",708
"321","2022_10_28_07","kn",1
"322","2022_10_28_07","ko",99
"323","2022_10_28_07","lt",4
"324","2022_10_28_07","lv",8
"325","2022_10_28_07","mr",21
"326","2022_10_28_07","nl",211
"327","2022_10_28_07","no",8
"328","2022_10_28_07","or",2
"329","2022_10_28_07","pa",1
"330","2022_10_28_07","pl",139
"331","2022_10_28_07","pt",305
"332","2022_10_28_07","ro",7
"333","2022_10_28_07","ru",65
"334","2022_10_28_07","sl",11
"335","2022_10_28_07","sr",5
"336","2022_10_28_07","sv",31
"337","2022_10_28_07","te",4
"338","2022_10_28_07","th",136
"339","2022_10_28_07","tl",180
"340","2022_10_28_07","tr",72
"341","2022_10_28_07","uk",33
"342","2022_10_28_07","und",278
"343","2022_10_28_07","vi",2
"344","2022_10_28_07","zh",57
"345","2022_10_28_08","ar",22
"346","2022_10_28_08","ca",36
"347","2022_10_28_08","cs",9
"348","2022_10_28_08","cy",2
"349","2022_10_28_08","da",24
"350","2022_10_28_08","de",613
"351","2022_10_28_08","el",19
"352","2022_10_28_08","en",13234
"353","2022_10_28_08","es",1572
"354","2022_10_28_08","et",12
"355","2022_10_28_08","fa",42
"356","2022_10_28_08","fi",15
"357","2022_10_28_08","fr",1891
"358","2022_10_28_08","gu",1
"359","2022_10_28_08","hi",122
"360","2022_10_28_08","ht",9
"361","2022_10_28_08","hu",3
"362","2022_10_28_08","in",337
"363","2022_10_28_08","it",887
"364","2022_10_28_08","iw",1
"365","2022_10_28_08","ja",971
"366","2022_10_28_08","ko",58
"367","2022_10_28_08","lt",4
"368","2022_10_28_08","lv",5
"369","2022_10_28_08","ml",2
"370","2022_10_28_08","mr",2
"371","2022_10_28_08","nl",187
"372","2022_10_28_08","no",21
"373","2022_10_28_08","or",1
"374","2022_10_28_08","pl",150
"375","2022_10_28_08","pt",487
"376","2022_10_28_08","ro",9
"377","2022_10_28_08","ru",49
"378","2022_10_28_08","sl",10
"379","2022_10_28_08","sr",1
"380","2022_10_28_08","sv",33
"381","2022_10_28_08","te",2
"382","2022_10_28_08","th",103
"383","2022_10_28_08","tl",138
"384","2022_10_28_08","tr",74
"385","2022_10_28_08","uk",11
"386","2022_10_28_08","und",280
"387","2022_10_28_08","vi",4
"388","2022_10_28_08","zh",38
"389","2022_10_28_09","ar",17
"390","2022_10_28_09","bn",2
"391","2022_10_28_09","ca",35
"392","2022_10_28_09","cs",8
"393","2022_10_28_09","cy",1
"394","2022_10_28_09","da",16
"395","2022_10_28_09","de",644
"396","2022_10_28_09","el",46
"397","2022_10_28_09","en",13074
"398","2022_10_28_09","es",1421
"399","2022_10_28_09","et",13
"400","2022_10_28_09","eu",12
"401","2022_10_28_09","fa",80
"402","2022_10_28_09","fi",14
"403","2022_10_28_09","fr",1865
"404","2022_10_28_09","gu",1
"405","2022_10_28_09","hi",96
"406","2022_10_28_09","ht",8
"407","2022_10_28_09","hu",1
"408","2022_10_28_09","in",341
"409","2022_10_28_09","it",1173
"410","2022_10_28_09","iw",5
"411","2022_10_28_09","ja",1068
"412","2022_10_28_09","ko",54
"413","2022_10_28_09","lt",4
"414","2022_10_28_09","lv",11
"415","2022_10_28_09","mr",1
"416","2022_10_28_09","ne",1
"417","2022_10_28_09","nl",192
"418","2022_10_28_09","no",15
"419","2022_10_28_09","or",1
"420","2022_10_28_09","pl",97
"421","2022_10_28_09","pt",1109
"422","2022_10_28_09","ro",15
"423","2022_10_28_09","ru",41
"424","2022_10_28_09","si",1
"425","2022_10_28_09","sl",3
"426","2022_10_28_09","sr",5
"427","2022_10_28_09","sv",57
"428","2022_10_28_09","ta",1
"429","2022_10_28_09","te",1
"430","2022_10_28_09","th",82
"431","2022_10_28_09","tl",150
"432","2022_10_28_09","tr",96
"433","2022_10_28_09","uk",16
"434","2022_10_28_09","und",379
"435","2022_10_28_09","vi",5
"436","2022_10_28_09","zh",44
"437","2022_10_28_10","ar",38
"438","2022_10_28_10","bg",4
"439","2022_10_28_10","ca",52
"440","2022_10_28_10","cs",15
"441","2022_10_28_10","cy",3
"442","2022_10_28_10","da",9
"443","2022_10_28_10","de",629
"444","2022_10_28_10","el",52
"445","2022_10_28_10","en",14748
"446","2022_10_28_10","es",1946
"447","2022_10_28_10","et",17
"448","2022_10_28_10","eu",2
"449","2022_10_28_10","fa",49
"450","2022_10_28_10","fi",14
"451","2022_10_28_10","fr",1986
"452","2022_10_28_10","hi",157
"453","2022_10_28_10","ht",9
"454","2022_10_28_10","hu",6
"455","2022_10_28_10","in",374
"456","2022_10_28_10","is",4
"457","2022_10_28_10","it",1243
"458","2022_10_28_10","ja",1115
"459","2022_10_28_10","ko",65
"460","2022_10_28_10","lt",6
"461","2022_10_28_10","lv",6
"462","2022_10_28_10","ml",3
"463","2022_10_28_10","ne",1
"464","2022_10_28_10","nl",184
"465","2022_10_28_10","no",20
"466","2022_10_28_10","pl",81
"467","2022_10_28_10","pt",1847
"468","2022_10_28_10","ro",14
"469","2022_10_28_10","ru",30
"470","2022_10_28_10","sl",3
"471","2022_10_28_10","sr",5
"472","2022_10_28_10","sv",54
"473","2022_10_28_10","ta",5
"474","2022_10_28_10","te",3
"475","2022_10_28_10","th",109
"476","2022_10_28_10","tl",178
"477","2022_10_28_10","tr",71
"478","2022_10_28_10","uk",8
"479","2022_10_28_10","und",410
"480","2022_10_28_10","zh",62
"481","2022_10_28_11","ar",23
"482","2022_10_28_11","bg",2
"483","2022_10_28_11","ca",32
"484","2022_10_28_11","cs",9
"485","2022_10_28_11","cy",8
"486","2022_10_28_11","da",12
"487","2022_10_28_11","de",617
"488","2022_10_28_11","el",36
"489","2022_10_28_11","en",16985
"490","2022_10_28_11","es",2473
"491","2022_10_28_11","et",15
"492","2022_10_28_11","eu",2
"493","2022_10_28_11","fa",32
"494","2022_10_28_11","fi",25
"495","2022_10_28_11","fr",2213
"496","2022_10_28_11","gu",1
"497","2022_10_28_11","hi",128
"498","2022_10_28_11","ht",165
"499","2022_10_28_11","hu",5
"500","2022_10_28_11","in",362
"501","2022_10_28_11","is",5
"502","2022_10_28_11","it",1261
"503","2022_10_28_11","iw",1
"504","2022_10_28_11","ja",1177
"505","2022_10_28_11","ko",58
"506","2022_10_28_11","lt",6
"507","2022_10_28_11","lv",5
"508","2022_10_28_11","ml",2
"509","2022_10_28_11","ne",1
"510","2022_10_28_11","nl",180
"511","2022_10_28_11","no",14
"512","2022_10_28_11","pa",2
"513","2022_10_28_11","pl",65
"514","2022_10_28_11","pt",2224
"515","2022_10_28_11","ro",18
"516","2022_10_28_11","ru",25
"517","2022_10_28_11","sl",5
"518","2022_10_28_11","sr",2
"519","2022_10_28_11","sv",37
"520","2022_10_28_11","te",3
"521","2022_10_28_11","th",107
"522","2022_10_28_11","tl",172
"523","2022_10_28_11","tr",43
"524","2022_10_28_11","uk",11
"525","2022_10_28_11","und",359
"526","2022_10_28_11","vi",8
"527","2022_10_28_11","zh",37
"528","2022_10_28_12","ar",9
"529","2022_10_28_12","bg",2
"530","2022_10_28_12","ca",42
"531","2022_10_28_12","cs",11
"532","2022_10_28_12","da",11
"533","2022_10_28_12","de",590
"534","2022_10_28_12","el",23
"535","2022_10_28_12","en",19809
"536","2022_10_28_12","es",2587
"537","2022_10_28_12","et",28
"538","2022_10_28_12","eu",3
"539","2022_10_28_12","fa",21
"540","2022_10_28_12","fi",14
"541","2022_10_28_12","fr",1904
"542","2022_10_28_12","gu",1
"543","2022_10_28_12","hi",123
"544","2022_10_28_12","ht",3
"545","2022_10_28_12","hu",1
"546","2022_10_28_12","in",356
"547","2022_10_28_12","is",3
"548","2022_10_28_12","it",1331
"549","2022_10_28_12","iw",3
"550","2022_10_28_12","ja",1091
"551","2022_10_28_12","kn",1
"552","2022_10_28_12","ko",118
"553","2022_10_28_12","lt",4
"554","2022_10_28_12","lv",3
"555","2022_10_28_12","ml",1
"556","2022_10_28_12","mr",6
"557","2022_10_28_12","nl",178
"558","2022_10_28_12","no",16
"559","2022_10_28_12","or",1
"560","2022_10_28_12","pl",79
"561","2022_10_28_12","pt",2678
"562","2022_10_28_12","ro",16
"563","2022_10_28_12","ru",24
"564","2022_10_28_12","sl",1
"565","2022_10_28_12","sr",1
"566","2022_10_28_12","sv",41
"567","2022_10_28_12","ta",2
"568","2022_10_28_12","te",6
"569","2022_10_28_12","th",144
"570","2022_10_28_12","tl",180
"571","2022_10_28_12","tr",45
"572","2022_10_28_12","uk",7
"573","2022_10_28_12","und",378
"574","2022_10_28_12","vi",7
"575","2022_10_28_12","zh",34
"576","2022_10_28_13","ar",15
"577","2022_10_28_13","bg",1
"578","2022_10_28_13","bn",2
"579","2022_10_28_13","ca",44
"580","2022_10_28_13","cs",7
"581","2022_10_28_13","cy",3
"582","2022_10_28_13","da",11
"583","2022_10_28_13","de",568
"584","2022_10_28_13","el",22
"585","2022_10_28_13","en",21731
"586","2022_10_28_13","es",2892
"587","2022_10_28_13","et",26
"588","2022_10_28_13","eu",5
"589","2022_10_28_13","fa",13
"590","2022_10_28_13","fi",35
"591","2022_10_28_13","fr",1666
"592","2022_10_28_13","hi",141
"593","2022_10_28_13","ht",10
"594","2022_10_28_13","hu",4
"595","2022_10_28_13","in",479
"596","2022_10_28_13","is",3
"597","2022_10_28_13","it",1291
"598","2022_10_28_13","ja",1032
"599","2022_10_28_13","kn",1
"600","2022_10_28_13","ko",149
"601","2022_10_28_13","lt",8
"602","2022_10_28_13","lv",1
"603","2022_10_28_13","mr",1
"604","2022_10_28_13","nl",183
"605","2022_10_28_13","no",13
"606","2022_10_28_13","pl",85
"607","2022_10_28_13","pt",2518
"608","2022_10_28_13","ro",16
"609","2022_10_28_13","ru",46
"610","2022_10_28_13","sl",3
"611","2022_10_28_13","sr",3
"612","2022_10_28_13","sv",47
"613","2022_10_28_13","ta",8
"614","2022_10_28_13","te",6
"615","2022_10_28_13","th",122
"616","2022_10_28_13","tl",138
"617","2022_10_28_13","tr",61
"618","2022_10_28_13","uk",10
"619","2022_10_28_13","und",440
"620","2022_10_28_13","vi",8
"621","2022_10_28_13","zh",77
"622","2022_10_28_14","ar",16
"623","2022_10_28_14","ca",32
"624","2022_10_28_14","cs",9
"625","2022_10_28_14","cy",4
"626","2022_10_28_14","da",17
"627","2022_10_28_14","de",547
"628","2022_10_28_14","el",34
"629","2022_10_28_14","en",23022
"630","2022_10_28_14","es",3042
"631","2022_10_28_14","et",13
"632","2022_10_28_14","eu",2
"633","2022_10_28_14","fa",4
"634","2022_10_28_14","fi",31
"635","2022_10_28_14","fr",1742
"636","2022_10_28_14","gu",1
"637","2022_10_28_14","hi",136
"638","2022_10_28_14","ht",7
"639","2022_10_28_14","in",345
"640","2022_10_28_14","is",1
"641","2022_10_28_14","it",1295
"642","2022_10_28_14","iw",1
"643","2022_10_28_14","ja",954
"644","2022_10_28_14","kn",1
"645","2022_10_28_14","ko",111
"646","2022_10_28_14","lt",6
"647","2022_10_28_14","lv",5
"648","2022_10_28_14","mr",3
"649","2022_10_28_14","ne",1
"650","2022_10_28_14","nl",241
"651","2022_10_28_14","no",13
"652","2022_10_28_14","pl",105
"653","2022_10_28_14","pt",2298
"654","2022_10_28_14","ro",12
"655","2022_10_28_14","ru",16
"656","2022_10_28_14","sl",4
"657","2022_10_28_14","sr",1
"658","2022_10_28_14","sv",49
"659","2022_10_28_14","te",4
"660","2022_10_28_14","th",139
"661","2022_10_28_14","tl",131
"662","2022_10_28_14","tr",67
"663","2022_10_28_14","uk",9
"664","2022_10_28_14","und",381
"665","2022_10_28_14","ur",1
"666","2022_10_28_14","vi",1
"667","2022_10_28_14","zh",40
"668","2022_10_28_15","ar",14
"669","2022_10_28_15","bg",1
"670","2022_10_28_15","bn",2
"671","2022_10_28_15","ca",37
"672","2022_10_28_15","cs",11
"673","2022_10_28_15","cy",3
"674","2022_10_28_15","da",6
"675","2022_10_28_15","de",495
"676","2022_10_28_15","el",23
"677","2022_10_28_15","en",24052
"678","2022_10_28_15","es",2835
"679","2022_10_28_15","et",16
"680","2022_10_28_15","eu",1
"681","2022_10_28_15","fa",9
"682","2022_10_28_15","fi",18
"683","2022_10_28_15","fr",1735
"684","2022_10_28_15","hi",136
"685","2022_10_28_15","ht",11
"686","2022_10_28_15","hu",3
"687","2022_10_28_15","in",320
"688","2022_10_28_15","is",1
"689","2022_10_28_15","it",1337
"690","2022_10_28_15","iw",1
"691","2022_10_28_15","ja",668
"692","2022_10_28_15","ko",68
"693","2022_10_28_15","lt",9
"694","2022_10_28_15","lv",8
"695","2022_10_28_15","mr",3
"696","2022_10_28_15","my",1
"697","2022_10_28_15","ne",1
"698","2022_10_28_15","nl",215
"699","2022_10_28_15","no",22
"700","2022_10_28_15","pa",1
"701","2022_10_28_15","pl",103
"702","2022_10_28_15","pt",2112
"703","2022_10_28_15","ro",11
"704","2022_10_28_15","ru",29
"705","2022_10_28_15","sl",7
"706","2022_10_28_15","sv",35
"707","2022_10_28_15","te",2
"708","2022_10_28_15","th",119
"709","2022_10_28_15","tl",131
"710","2022_10_28_15","tr",57
"711","2022_10_28_15","uk",9
"712","2022_10_28_15","und",373
"713","2022_10_28_15","ur",2
"714","2022_10_28_15","vi",4
"715","2022_10_28_15","zh",55
"716","2022_10_28_16","ar",29
"717","2022_10_28_16","bg",3
"718","2022_10_28_16","ca",41
"719","2022_10_28_16","cs",9
"720","2022_10_28_16","cy",4
"721","2022_10_28_16","da",18
"722","2022_10_28_16","de",500
"723","2022_10_28_16","el",31
"724","2022_10_28_16","en",23587
"725","2022_10_28_16","es",2409
"726","2022_10_28_16","et",21
"727","2022_10_28_16","eu",1
"728","2022_10_28_16","fa",49
"729","2022_10_28_16","fi",19
"730","2022_10_28_16","fr",2011
"731","2022_10_28_16","gu",3
"732","2022_10_28_16","hi",140
"733","2022_10_28_16","ht",5
"734","2022_10_28_16","hu",3
"735","2022_10_28_16","in",278
"736","2022_10_28_16","is",4
"737","2022_10_28_16","it",1304
"738","2022_10_28_16","ja",401
"739","2022_10_28_16","ko",25
"740","2022_10_28_16","lt",8
"741","2022_10_28_16","lv",5
"742","2022_10_28_16","mr",3
"743","2022_10_28_16","nl",242
"744","2022_10_28_16","no",19
"745","2022_10_28_16","pl",95
"746","2022_10_28_16","pt",1912
"747","2022_10_28_16","ro",9
"748","2022_10_28_16","ru",31
"749","2022_10_28_16","sl",9
"750","2022_10_28_16","sr",1
"751","2022_10_28_16","sv",46
"752","2022_10_28_16","ta",2
"753","2022_10_28_16","te",24
"754","2022_10_28_16","th",86
"755","2022_10_28_16","tl",133
"756","2022_10_28_16","tr",89
"757","2022_10_28_16","uk",5
"758","2022_10_28_16","und",401
"759","2022_10_28_16","ur",4
"760","2022_10_28_16","vi",6
"761","2022_10_28_16","zh",58
"762","2022_10_28_17","ar",14
"763","2022_10_28_17","bg",3
"764","2022_10_28_17","ca",39
"765","2022_10_28_17","cs",9
"766","2022_10_28_17","cy",2
"767","2022_10_28_17","da",15
"768","2022_10_28_17","de",520
"769","2022_10_28_17","el",20
"770","2022_10_28_17","en",24090
"771","2022_10_28_17","es",2253
"772","2022_10_28_17","et",18
"773","2022_10_28_17","fa",32
"774","2022_10_28_17","fi",13
"775","2022_10_28_17","fr",2207
"776","2022_10_28_17","hi",141
"777","2022_10_28_17","ht",7
"778","2022_10_28_17","hu",6
"779","2022_10_28_17","in",178
"780","2022_10_28_17","is",2
"781","2022_10_28_17","it",1178
"782","2022_10_28_17","ja",269
"783","2022_10_28_17","ko",14
"784","2022_10_28_17","lt",6
"785","2022_10_28_17","lv",1
"786","2022_10_28_17","mr",5
"787","2022_10_28_17","nl",249
"788","2022_10_28_17","no",17
"789","2022_10_28_17","pl",97
"790","2022_10_28_17","pt",1742
"791","2022_10_28_17","ro",14
"792","2022_10_28_17","ru",10
"793","2022_10_28_17","sl",6
"794","2022_10_28_17","sr",1
"795","2022_10_28_17","sv",41
"796","2022_10_28_17","ta",3
"797","2022_10_28_17","te",28
"798","2022_10_28_17","th",65
"799","2022_10_28_17","tl",82
"800","2022_10_28_17","tr",197
"801","2022_10_28_17","uk",13
"802","2022_10_28_17","und",402
"803","2022_10_28_17","vi",2
"804","2022_10_28_17","zh",39
"805","2022_10_28_18","ar",18
"806","2022_10_28_18","ca",36
"807","2022_10_28_18","ckb",1
"808","2022_10_28_18","cs",48
"809","2022_10_28_18","cy",6
"810","2022_10_28_18","da",11
"811","2022_10_28_18","de",490
"812","2022_10_28_18","el",22
"813","2022_10_28_18","en",25071
"814","2022_10_28_18","es",2343
"815","2022_10_28_18","et",11
"816","2022_10_28_18","fa",55
"817","2022_10_28_18","fi",9
"818","2022_10_28_18","fr",2492
"819","2022_10_28_18","hi",107
"820","2022_10_28_18","ht",5
"821","2022_10_28_18","hu",4
"822","2022_10_28_18","in",136
"823","2022_10_28_18","is",7
"824","2022_10_28_18","it",1228
"825","2022_10_28_18","iw",1
"826","2022_10_28_18","ja",207
"827","2022_10_28_18","kn",2
"828","2022_10_28_18","ko",15
"829","2022_10_28_18","lt",8
"830","2022_10_28_18","lv",7
"831","2022_10_28_18","nl",171
"832","2022_10_28_18","no",11
"833","2022_10_28_18","pl",107
"834","2022_10_28_18","pt",1589
"835","2022_10_28_18","ro",13
"836","2022_10_28_18","ru",14
"837","2022_10_28_18","si",1
"838","2022_10_28_18","sl",5
"839","2022_10_28_18","sv",47
"840","2022_10_28_18","te",8
"841","2022_10_28_18","th",39
"842","2022_10_28_18","tl",73
"843","2022_10_28_18","tr",161
"844","2022_10_28_18","uk",11
"845","2022_10_28_18","und",378
"846","2022_10_28_18","vi",5
"847","2022_10_28_18","zh",13
"848","2022_10_28_19","ar",11
"849","2022_10_28_19","bg",1
"850","2022_10_28_19","ca",59
"851","2022_10_28_19","cs",27
"852","2022_10_28_19","cy",2
"853","2022_10_28_19","da",11
"854","2022_10_28_19","de",532
"855","2022_10_28_19","el",30
"856","2022_10_28_19","en",24042
"857","2022_10_28_19","es",2131
"858","2022_10_28_19","et",18
"859","2022_10_28_19","eu",1
"860","2022_10_28_19","fa",61
"861","2022_10_28_19","fi",23
"862","2022_10_28_19","fr",2544
"863","2022_10_28_19","hi",61
"864","2022_10_28_19","ht",5
"865","2022_10_28_19","hu",3
"866","2022_10_28_19","in",100
"867","2022_10_28_19","is",2
"868","2022_10_28_19","it",1400
"869","2022_10_28_19","ja",162
"870","2022_10_28_19","kn",1
"871","2022_10_28_19","ko",7
"872","2022_10_28_19","lt",7
"873","2022_10_28_19","lv",3
"874","2022_10_28_19","mr",1
"875","2022_10_28_19","nl",225
"876","2022_10_28_19","no",14
"877","2022_10_28_19","pl",93
"878","2022_10_28_19","pt",1775
"879","2022_10_28_19","ro",13
"880","2022_10_28_19","ru",12
"881","2022_10_28_19","sl",2
"882","2022_10_28_19","sv",40
"883","2022_10_28_19","te",6
"884","2022_10_28_19","th",13
"885","2022_10_28_19","tl",61
"886","2022_10_28_19","tr",150
"887","2022_10_28_19","uk",10
"888","2022_10_28_19","und",379
"889","2022_10_28_19","ur",1
"890","2022_10_28_19","zh",24
"891","2022_10_28_20","ar",13
"892","2022_10_28_20","ca",33
"893","2022_10_28_20","cs",28
"894","2022_10_28_20","cy",3
"895","2022_10_28_20","da",19
"896","2022_10_28_20","de",489
"897","2022_10_28_20","el",40
"898","2022_10_28_20","en",24025
"899","2022_10_28_20","es",2395
"900","2022_10_28_20","et",14
"901","2022_10_28_20","fa",114
"902","2022_10_28_20","fi",12
"903","2022_10_28_20","fr",2952
"904","2022_10_28_20","hi",53
"905","2022_10_28_20","ht",8
"906","2022_10_28_20","hu",4
"907","2022_10_28_20","in",68
"908","2022_10_28_20","is",7
"909","2022_10_28_20","it",1087
"910","2022_10_28_20","iw",2
"911","2022_10_28_20","ja",209
"912","2022_10_28_20","ko",3
"913","2022_10_28_20","lt",4
"914","2022_10_28_20","lv",4
"915","2022_10_28_20","nl",212
"916","2022_10_28_20","no",21
"917","2022_10_28_20","pl",77
"918","2022_10_28_20","pt",2127
"919","2022_10_28_20","ro",8
"920","2022_10_28_20","ru",19
"921","2022_10_28_20","sl",3
"922","2022_10_28_20","sr",1
"923","2022_10_28_20","sv",37
"924","2022_10_28_20","th",9
"925","2022_10_28_20","tl",41
"926","2022_10_28_20","tr",95
"927","2022_10_28_20","uk",4
"928","2022_10_28_20","und",425
"929","2022_10_28_20","ur",2
"930","2022_10_28_20","vi",2
"931","2022_10_28_20","zh",28
"932","2022_10_28_21","ar",27
"933","2022_10_28_21","ca",30
"934","2022_10_28_21","cs",16
"935","2022_10_28_21","cy",6
"936","2022_10_28_21","da",14
"937","2022_10_28_21","de",388
"938","2022_10_28_21","el",41
"939","2022_10_28_21","en",21969
"940","2022_10_28_21","es",2387
"941","2022_10_28_21","et",12
"942","2022_10_28_21","eu",1
"943","2022_10_28_21","fa",30
"944","2022_10_28_21","fi",15
"945","2022_10_28_21","fr",2476
"946","2022_10_28_21","hi",19
"947","2022_10_28_21","ht",9
"948","2022_10_28_21","hu",2
"949","2022_10_28_21","in",75
"950","2022_10_28_21","is",2
"951","2022_10_28_21","it",974
"952","2022_10_28_21","ja",425
"953","2022_10_28_21","ko",10
"954","2022_10_28_21","lt",3
"955","2022_10_28_21","lv",2
"956","2022_10_28_21","mr",1
"957","2022_10_28_21","my",1
"958","2022_10_28_21","nl",150
"959","2022_10_28_21","no",10
"960","2022_10_28_21","pl",69
"961","2022_10_28_21","pt",2211
"962","2022_10_28_21","ro",8
"963","2022_10_28_21","ru",12
"964","2022_10_28_21","sl",4
"965","2022_10_28_21","sv",38
"966","2022_10_28_21","ta",1
"967","2022_10_28_21","te",1
"968","2022_10_28_21","th",10
"969","2022_10_28_21","tl",38
"970","2022_10_28_21","tr",87
"971","2022_10_28_21","uk",5
"972","2022_10_28_21","und",419
"973","2022_10_28_21","zh",37
"974","2022_10_28_22","ar",18
"975","2022_10_28_22","bg",1
"976","2022_10_28_22","ca",21
"977","2022_10_28_22","cs",8
"978","2022_10_28_22","cy",1
"979","2022_10_28_22","da",20
"980","2022_10_28_22","de",283
"981","2022_10_28_22","el",19
"982","2022_10_28_22","en",19651
"983","2022_10_28_22","es",2288
"984","2022_10_28_22","et",3
"985","2022_10_28_22","fa",4
"986","2022_10_28_22","fi",12
"987","2022_10_28_22","fr",1848
"988","2022_10_28_22","hi",12
"989","2022_10_28_22","ht",9
"990","2022_10_28_22","in",142
"991","2022_10_28_22","is",4
"992","2022_10_28_22","it",648
"993","2022_10_28_22","ja",615
"994","2022_10_28_22","ko",14
"995","2022_10_28_22","lt",8
"996","2022_10_28_22","lv",1
"997","2022_10_28_22","nl",113
"998","2022_10_28_22","no",12
"999","2022_10_28_22","pl",54
"1000","2022_10_28_22","pt",1938
"1001","2022_10_28_22","ro",11
"1002","2022_10_28_22","ru",6
"1003","2022_10_28_22","sl",5
"1004","2022_10_28_22","sv",25
"1005","2022_10_28_22","th",27
"1006","2022_10_28_22","tl",55
"1007","2022_10_28_22","tr",56
"1008","2022_10_28_22","uk",5
"1009","2022_10_28_22","und",344
"1010","2022_10_28_22","zh",61
"1011","2022_10_28_23","ar",17
"1012","2022_10_28_23","ca",13
"1013","2022_10_28_23","cs",6
"1014","2022_10_28_23","cy",2
"1015","2022_10_28_23","da",9
"1016","2022_10_28_23","de",201
"1017","2022_10_28_23","el",8
"1018","2022_10_28_23","en",18562
"1019","2022_10_28_23","es",2135
"1020","2022_10_28_23","et",2
"1021","2022_10_28_23","eu",2
"1022","2022_10_28_23","fa",6
"1023","2022_10_28_23","fi",5
"1024","2022_10_28_23","fr",1120
"1025","2022_10_28_23","hi",21
"1026","2022_10_28_23","ht",2
"1027","2022_10_28_23","in",264
"1028","2022_10_28_23","is",1
"1029","2022_10_28_23","it",352
"1030","2022_10_28_23","iw",1
"1031","2022_10_28_23","ja",645
"1032","2022_10_28_23","ko",24
"1033","2022_10_28_23","lt",12
"1034","2022_10_28_23","lv",3
"1035","2022_10_28_23","mr",1
"1036","2022_10_28_23","nl",60
"1037","2022_10_28_23","no",7
"1038","2022_10_28_23","pl",24
"1039","2022_10_28_23","pt",1841
"1040","2022_10_28_23","ro",9
"1041","2022_10_28_23","ru",5
"1042","2022_10_28_23","sl",1
"1043","2022_10_28_23","sv",13
"1044","2022_10_28_23","te",3
"1045","2022_10_28_23","th",30
"1046","2022_10_28_23","tl",71
"1047","2022_10_28_23","tr",69
"1048","2022_10_28_23","uk",7
"1049","2022_10_28_23","und",297
"1050","2022_10_28_23","vi",1
"1051","2022_10_28_23","zh",78
"1052","2022_10_29_00","ar",6
"1053","2022_10_29_00","art",50
"1054","2022_10_29_00","bg",1
"1055","2022_10_29_00","bn",1
"1056","2022_10_29_00","ca",13
"1057","2022_10_29_00","cs",9
"1058","2022_10_29_00","cy",1
"1059","2022_10_29_00","da",3
"1060","2022_10_29_00","de",276
"1061","2022_10_29_00","el",6
"1062","2022_10_29_00","en",16100
"1063","2022_10_29_00","es",1472
"1064","2022_10_29_00","et",2
"1065","2022_10_29_00","eu",2
"1066","2022_10_29_00","fi",1
"1067","2022_10_29_00","fr",623
"1068","2022_10_29_00","hi",37
"1069","2022_10_29_00","ht",3
"1070","2022_10_29_00","hu",1
"1071","2022_10_29_00","in",154
"1072","2022_10_29_00","it",151
"1073","2022_10_29_00","iw",1
"1074","2022_10_29_00","ja",582
"1075","2022_10_29_00","ko",6
"1076","2022_10_29_00","lt",3
"1077","2022_10_29_00","nl",74
"1078","2022_10_29_00","no",1
"1079","2022_10_29_00","pl",13
"1080","2022_10_29_00","pt",1289
"1081","2022_10_29_00","qam",15
"1082","2022_10_29_00","qct",1
"1083","2022_10_29_00","qht",48
"1084","2022_10_29_00","qme",147
"1085","2022_10_29_00","qst",26
"1086","2022_10_29_00","ro",5
"1087","2022_10_29_00","ru",8
"1088","2022_10_29_00","sl",2
"1089","2022_10_29_00","sv",5
"1090","2022_10_29_00","te",2
"1091","2022_10_29_00","th",20
"1092","2022_10_29_00","tl",57
"1093","2022_10_29_00","tr",22
"1094","2022_10_29_00","und",35
"1095","2022_10_29_00","vi",2
"1096","2022_10_29_00","zh",110
"1097","2022_10_29_00","zxx",137
"1098","2022_10_29_01","ar",5
"1099","2022_10_29_01","art",69
"1100","2022_10_29_01","ca",11
"1101","2022_10_29_01","cs",5
"1102","2022_10_29_01","cy",5
"1103","2022_10_29_01","da",1
"1104","2022_10_29_01","de",283
"1105","2022_10_29_01","el",4
"1106","2022_10_29_01","en",18797
"1107","2022_10_29_01","es",1787
"1108","2022_10_29_01","et",5
"1109","2022_10_29_01","fi",6
"1110","2022_10_29_01","fr",568
"1111","2022_10_29_01","hi",41
"1112","2022_10_29_01","ht",3
"1113","2022_10_29_01","hu",1
"1114","2022_10_29_01","in",324
"1115","2022_10_29_01","it",138
"1116","2022_10_29_01","ja",701
"1117","2022_10_29_01","ko",11
"1118","2022_10_29_01","lt",3
"1119","2022_10_29_01","ne",1
"1120","2022_10_29_01","nl",44
"1121","2022_10_29_01","or",1
"1122","2022_10_29_01","pl",17
"1123","2022_10_29_01","pt",6753
"1124","2022_10_29_01","qam",23
"1125","2022_10_29_01","qht",87
"1126","2022_10_29_01","qme",220
"1127","2022_10_29_01","qst",41
"1128","2022_10_29_01","ro",5
"1129","2022_10_29_01","ru",3
"1130","2022_10_29_01","sl",1
"1131","2022_10_29_01","sr",1
"1132","2022_10_29_01","sv",2
"1133","2022_10_29_01","th",42
"1134","2022_10_29_01","tl",82
"1135","2022_10_29_01","tr",13
"1136","2022_10_29_01","und",66
"1137","2022_10_29_01","vi",6
"1138","2022_10_29_01","zh",116
"1139","2022_10_29_01","zxx",228
"1140","2022_10_29_02","am",2
"1141","2022_10_29_02","ar",6
"1142","2022_10_29_02","art",38
"1143","2022_10_29_02","bn",2
"1144","2022_10_29_02","ca",16
"1145","2022_10_29_02","cs",2
"1146","2022_10_29_02","cy",1
"1147","2022_10_29_02","da",2
"1148","2022_10_29_02","de",190
"1149","2022_10_29_02","el",2
"1150","2022_10_29_02","en",11869
"1151","2022_10_29_02","es",1077
"1152","2022_10_29_02","et",3
"1153","2022_10_29_02","eu",1
"1154","2022_10_29_02","fa",1
"1155","2022_10_29_02","fi",2
"1156","2022_10_29_02","fr",424
"1157","2022_10_29_02","hi",46
"1158","2022_10_29_02","ht",1
"1159","2022_10_29_02","hu",1
"1160","2022_10_29_02","in",220
"1161","2022_10_29_02","it",89
"1162","2022_10_29_02","ja",495
"1163","2022_10_29_02","kn",1
"1164","2022_10_29_02","ko",4
"1165","2022_10_29_02","lt",1
"1166","2022_10_29_02","ml",3
"1167","2022_10_29_02","mr",1
"1168","2022_10_29_02","nl",31
"1169","2022_10_29_02","no",1
"1170","2022_10_29_02","pl",13
"1171","2022_10_29_02","pt",7071
"1172","2022_10_29_02","qam",14
"1173","2022_10_29_02","qht",86
"1174","2022_10_29_02","qme",188
"1175","2022_10_29_02","qst",19
"1176","2022_10_29_02","ro",6
"1177","2022_10_29_02","ru",6
"1178","2022_10_29_02","sl",1
"1179","2022_10_29_02","sv",5
"1180","2022_10_29_02","te",1
"1181","2022_10_29_02","th",32
"1182","2022_10_29_02","tl",64
"1183","2022_10_29_02","tr",10
"1184","2022_10_29_02","uk",1
"1185","2022_10_29_02","und",56
"1186","2022_10_29_02","ur",2
"1187","2022_10_29_02","vi",3
"1188","2022_10_29_02","zh",82
"1189","2022_10_29_02","zxx",120
"1190","2022_10_29_03","am",1
"1191","2022_10_29_03","ar",6
"1192","2022_10_29_03","art",61
"1193","2022_10_29_03","ca",7
"1194","2022_10_29_03","cs",5
"1195","2022_10_29_03","cy",2
"1196","2022_10_29_03","da",1
"1197","2022_10_29_03","de",267
"1198","2022_10_29_03","el",10
"1199","2022_10_29_03","en",15672
"1200","2022_10_29_03","es",1278
"1201","2022_10_29_03","et",10
"1202","2022_10_29_03","fa",1
"1203","2022_10_29_03","fi",6
"1204","2022_10_29_03","fr",697
"1205","2022_10_29_03","gu",2
"1206","2022_10_29_03","hi",108
"1207","2022_10_29_03","ht",3
"1208","2022_10_29_03","hu",1
"1209","2022_10_29_03","in",289
"1210","2022_10_29_03","it",169
"1211","2022_10_29_03","iw",2
"1212","2022_10_29_03","ja",665
"1213","2022_10_29_03","km",1
"1214","2022_10_29_03","ko",13
"1215","2022_10_29_03","lv",2
"1216","2022_10_29_03","ml",1
"1217","2022_10_29_03","mr",1
"1218","2022_10_29_03","nl",61
"1219","2022_10_29_03","pl",28
"1220","2022_10_29_03","pt",4136
"1221","2022_10_29_03","qam",16
"1222","2022_10_29_03","qht",62
"1223","2022_10_29_03","qme",166
"1224","2022_10_29_03","qst",24
"1225","2022_10_29_03","ro",6
"1226","2022_10_29_03","ru",8
"1227","2022_10_29_03","sl",1
"1228","2022_10_29_03","sr",1
"1229","2022_10_29_03","sv",5
"1230","2022_10_29_03","ta",2
"1231","2022_10_29_03","te",1
"1232","2022_10_29_03","th",39
"1233","2022_10_29_03","tl",70
"1234","2022_10_29_03","tr",37
"1235","2022_10_29_03","uk",3
"1236","2022_10_29_03","und",55
"1237","2022_10_29_03","ur",7
"1238","2022_10_29_03","vi",2
"1239","2022_10_29_03","zh",121
"1240","2022_10_29_03","zxx",126
"1241","2022_10_29_04","und",1
"1242","2022_10_29_05","am",2
"1243","2022_10_29_05","ar",8
"1244","2022_10_29_05","art",48
"1245","2022_10_29_05","bg",3
"1246","2022_10_29_05","bn",2
"1247","2022_10_29_05","ca",21
"1248","2022_10_29_05","cs",20
"1249","2022_10_29_05","cy",5
"1250","2022_10_29_05","da",15
"1251","2022_10_29_05","de",1002
"1252","2022_10_29_05","el",14
"1253","2022_10_29_05","en",13783
"1254","2022_10_29_05","es",941
"1255","2022_10_29_05","et",13
"1256","2022_10_29_05","eu",7
"1257","2022_10_29_05","fa",3
"1258","2022_10_29_05","fi",29
"1259","2022_10_29_05","fr",2285
"1260","2022_10_29_05","hi",175
"1261","2022_10_29_05","ht",12
"1262","2022_10_29_05","hu",3
"1263","2022_10_29_05","in",354
"1264","2022_10_29_05","it",990
"1265","2022_10_29_05","iw",6
"1266","2022_10_29_05","ja",563
"1267","2022_10_29_05","kn",1
"1268","2022_10_29_05","ko",6
"1269","2022_10_29_05","lt",22
"1270","2022_10_29_05","lv",7
"1271","2022_10_29_05","ml",1
"1272","2022_10_29_05","mr",5
"1273","2022_10_29_05","my",1
"1274","2022_10_29_05","ne",1
"1275","2022_10_29_05","nl",247
"1276","2022_10_29_05","no",2
"1277","2022_10_29_05","or",1
"1278","2022_10_29_05","pl",116
"1279","2022_10_29_05","pt",966
"1280","2022_10_29_05","qam",23
"1281","2022_10_29_05","qht",57
"1282","2022_10_29_05","qme",174
"1283","2022_10_29_05","qst",29
"1284","2022_10_29_05","ro",16
"1285","2022_10_29_05","ru",15
"1286","2022_10_29_05","sl",11
"1287","2022_10_29_05","sr",1
"1288","2022_10_29_05","sv",18
"1289","2022_10_29_05","ta",5
"1290","2022_10_29_05","te",4
"1291","2022_10_29_05","th",36
"1292","2022_10_29_05","tl",92
"1293","2022_10_29_05","tr",53
"1294","2022_10_29_05","und",67
"1295","2022_10_29_05","ur",3
"1296","2022_10_29_05","vi",2
"1297","2022_10_29_05","zh",172
"1298","2022_10_29_05","zxx",138
"1299","2022_10_29_06","es",1
"1300","2022_10_29_07","am",2
"1301","2022_10_29_07","ar",10
"1302","2022_10_29_07","art",39
"1303","2022_10_29_07","bn",5
"1304","2022_10_29_07","ca",33
"1305","2022_10_29_07","cs",12
"1306","2022_10_29_07","cy",2
"1307","2022_10_29_07","da",10
"1308","2022_10_29_07","de",1182
"1309","2022_10_29_07","el",9
"1310","2022_10_29_07","en",7845
"1311","2022_10_29_07","es",1083
"1312","2022_10_29_07","et",4
"1313","2022_10_29_07","fi",26
"1314","2022_10_29_07","fr",2618
"1315","2022_10_29_07","gu",5
"1316","2022_10_29_07","hi",93
"1317","2022_10_29_07","ht",5
"1318","2022_10_29_07","hu",1
"1319","2022_10_29_07","in",154
"1320","2022_10_29_07","it",1020
"1321","2022_10_29_07","iw",6
"1322","2022_10_29_07","ja",437
"1323","2022_10_29_07","kn",2
"1324","2022_10_29_07","ko",2
"1325","2022_10_29_07","lt",3
"1326","2022_10_29_07","lv",2
"1327","2022_10_29_07","nl",330
"1328","2022_10_29_07","no",3
"1329","2022_10_29_07","pl",62
"1330","2022_10_29_07","pt",239
"1331","2022_10_29_07","qam",23
"1332","2022_10_29_07","qht",34
"1333","2022_10_29_07","qme",129
"1334","2022_10_29_07","qst",15
"1335","2022_10_29_07","ro",5
"1336","2022_10_29_07","ru",6
"1337","2022_10_29_07","sl",1
"1338","2022_10_29_07","sv",16
"1339","2022_10_29_07","ta",3
"1340","2022_10_29_07","th",12
"1341","2022_10_29_07","tl",78
"1342","2022_10_29_07","tr",32
"1343","2022_10_29_07","ug",1
"1344","2022_10_29_07","und",48
"1345","2022_10_29_07","vi",3
"1346","2022_10_29_07","zh",58
"1347","2022_10_29_07","zxx",116
"1348","2022_10_29_08","am",2
"1349","2022_10_29_08","ar",21
"1350","2022_10_29_08","art",55
"1351","2022_10_29_08","bg",1
"1352","2022_10_29_08","bn",2
"1353","2022_10_29_08","ca",66
"1354","2022_10_29_08","cs",22
"1355","2022_10_29_08","da",20
"1356","2022_10_29_08","de",1906
"1357","2022_10_29_08","el",23
"1358","2022_10_29_08","en",11911
"1359","2022_10_29_08","es",1643
"1360","2022_10_29_08","et",5
"1361","2022_10_29_08","eu",2
"1362","2022_10_29_08","fi",48
"1363","2022_10_29_08","fr",3506
"1364","2022_10_29_08","hi",72
"1365","2022_10_29_08","ht",14
"1366","2022_10_29_08","hu",12
"1367","2022_10_29_08","in",196
"1368","2022_10_29_08","is",1
"1369","2022_10_29_08","it",1294
"1370","2022_10_29_08","iw",6
"1371","2022_10_29_08","ja",730
"1372","2022_10_29_08","kn",1
"1373","2022_10_29_08","ko",3
"1374","2022_10_29_08","lt",8
"1375","2022_10_29_08","lv",2
"1376","2022_10_29_08","ml",1
"1377","2022_10_29_08","mr",3
"1378","2022_10_29_08","nl",573
"1379","2022_10_29_08","no",3
"1380","2022_10_29_08","pl",92
"1381","2022_10_29_08","pt",477
"1382","2022_10_29_08","qam",24
"1383","2022_10_29_08","qht",73
"1384","2022_10_29_08","qme",218
"1385","2022_10_29_08","qst",13
"1386","2022_10_29_08","ro",4
"1387","2022_10_29_08","ru",29
"1388","2022_10_29_08","si",1
"1389","2022_10_29_08","sl",5
"1390","2022_10_29_08","sr",2
"1391","2022_10_29_08","sv",30
"1392","2022_10_29_08","ta",14
"1393","2022_10_29_08","te",1
"1394","2022_10_29_08","th",24
"1395","2022_10_29_08","tl",62
"1396","2022_10_29_08","tr",104
"1397","2022_10_29_08","uk",1
"1398","2022_10_29_08","und",75
"1399","2022_10_29_08","ur",8
"1400","2022_10_29_08","vi",2
"1401","2022_10_29_08","zh",92
"1402","2022_10_29_08","zxx",185
"1403","2022_10_29_09","en",1
"1404","2022_10_29_10","am",1
"1405","2022_10_29_10","ar",21
"1406","2022_10_29_10","art",88
"1407","2022_10_29_10","bn",4
"1408","2022_10_29_10","ca",70
"1409","2022_10_29_10","cs",39
"1410","2022_10_29_10","cy",1
"1411","2022_10_29_10","da",19
"1412","2022_10_29_10","de",1998
"1413","2022_10_29_10","el",40
"1414","2022_10_29_10","en",17430
"1415","2022_10_29_10","es",2067
"1416","2022_10_29_10","et",14
"1417","2022_10_29_10","eu",4
"1418","2022_10_29_10","fa",1
"1419","2022_10_29_10","fi",57
"1420","2022_10_29_10","fr",4253
"1421","2022_10_29_10","hi",183
"1422","2022_10_29_10","ht",6
"1423","2022_10_29_10","hu",9
"1424","2022_10_29_10","in",298
"1425","2022_10_29_10","is",4
"1426","2022_10_29_10","it",1684
"1427","2022_10_29_10","iw",4
"1428","2022_10_29_10","ja",1076
"1429","2022_10_29_10","kn",2
"1430","2022_10_29_10","ko",6
"1431","2022_10_29_10","lv",5
"1432","2022_10_29_10","ml",2
"1433","2022_10_29_10","mr",1
"1434","2022_10_29_10","nl",599
"1435","2022_10_29_10","no",12
"1436","2022_10_29_10","or",1
"1437","2022_10_29_10","pa",1
"1438","2022_10_29_10","pl",143
"1439","2022_10_29_10","pt",2566
"1440","2022_10_29_10","qam",34
"1441","2022_10_29_10","qht",80
"1442","2022_10_29_10","qme",310
"1443","2022_10_29_10","qst",24
"1444","2022_10_29_10","ro",21
"1445","2022_10_29_10","ru",28
"1446","2022_10_29_10","si",1
"1447","2022_10_29_10","sl",4
"1448","2022_10_29_10","sv",42
"1449","2022_10_29_10","ta",7
"1450","2022_10_29_10","te",1
"1451","2022_10_29_10","th",29
"1452","2022_10_29_10","tl",104
"1453","2022_10_29_10","tr",152
"1454","2022_10_29_10","uk",2
"1455","2022_10_29_10","und",70
"1456","2022_10_29_10","ur",2
"1457","2022_10_29_10","vi",2
"1458","2022_10_29_10","zh",136
"1459","2022_10_29_10","zxx",262
"1460","2022_10_29_11","am",3
"1461","2022_10_29_11","ar",11
"1462","2022_10_29_11","art",74
"1463","2022_10_29_11","bn",2
"1464","2022_10_29_11","ca",44
"1465","2022_10_29_11","cs",14
"1466","2022_10_29_11","cy",2
"1467","2022_10_29_11","da",16
"1468","2022_10_29_11","de",1524
"1469","2022_10_29_11","el",12
"1470","2022_10_29_11","en",14213
"1471","2022_10_29_11","es",1598
"1472","2022_10_29_11","et",6
"1473","2022_10_29_11","eu",2
"1474","2022_10_29_11","fa",2
"1475","2022_10_29_11","fi",26
"1476","2022_10_29_11","fr",3018
"1477","2022_10_29_11","hi",154
"1478","2022_10_29_11","ht",1
"1479","2022_10_29_11","hu",4
"1480","2022_10_29_11","in",183
"1481","2022_10_29_11","is",1
"1482","2022_10_29_11","it",1277
"1483","2022_10_29_11","iw",2
"1484","2022_10_29_11","ja",4121
"1485","2022_10_29_11","kn",1
"1486","2022_10_29_11","ko",3
"1487","2022_10_29_11","lv",5
"1488","2022_10_29_11","ml",1
"1489","2022_10_29_11","ne",1
"1490","2022_10_29_11","nl",472
"1491","2022_10_29_11","no",4
"1492","2022_10_29_11","pl",116
"1493","2022_10_29_11","pt",2113
"1494","2022_10_29_11","qam",826
"1495","2022_10_29_11","qht",142
"1496","2022_10_29_11","qme",209
"1497","2022_10_29_11","qst",16
"1498","2022_10_29_11","ro",28
"1499","2022_10_29_11","ru",52
"1500","2022_10_29_11","sl",5
"1501","2022_10_29_11","sr",2
"1502","2022_10_29_11","sv",26
"1503","2022_10_29_11","ta",3
"1504","2022_10_29_11","te",1
"1505","2022_10_29_11","th",15
"1506","2022_10_29_11","tl",54
"1507","2022_10_29_11","tr",94
"1508","2022_10_29_11","uk",5
"1509","2022_10_29_11","und",83
"1510","2022_10_29_11","ur",2
"1511","2022_10_29_11","vi",6
"1512","2022_10_29_11","zh",108
"1513","2022_10_29_11","zxx",200
"1514","2022_10_29_12","hi",1
"1515","2022_10_29_12","ko",7
"1516","2022_10_29_12","zh",2
"1517","2022_10_29_13","ko",5
"1518","2022_10_29_14","ko",1
"1519","2022_10_29_15","ko",3
"1520","2022_10_29_15","und",1
"1521","2022_10_29_16","und",1
"1522","2022_10_29_17","ko",1
"1523","2022_10_29_18","ko",1
"1524","2022_10_29_19","am",5
"1525","2022_10_29_19","ar",7
"1526","2022_10_29_19","art",57
"1527","2022_10_29_19","ca",30
"1528","2022_10_29_19","cs",10
"1529","2022_10_29_19","cy",3
"1530","2022_10_29_19","da",8
"1531","2022_10_29_19","de",971
"1532","2022_10_29_19","el",21
"1533","2022_10_29_19","en",14197
"1534","2022_10_29_19","es",1336
"1535","2022_10_29_19","et",2
"1536","2022_10_29_19","eu",1
"1537","2022_10_29_19","fa",1
"1538","2022_10_29_19","fi",18
"1539","2022_10_29_19","fr",1604
"1540","2022_10_29_19","hi",15
"1541","2022_10_29_19","ht",3
"1542","2022_10_29_19","hu",8
"1543","2022_10_29_19","in",51
"1544","2022_10_29_19","it",890
"1545","2022_10_29_19","iw",2
"1546","2022_10_29_19","ja",155
"1547","2022_10_29_19","ko",3
"1548","2022_10_29_19","lt",1
"1549","2022_10_29_19","lv",1
"1550","2022_10_29_19","nl",221
"1551","2022_10_29_19","no",4
"1552","2022_10_29_19","pl",84
"1553","2022_10_29_19","pt",667
"1554","2022_10_29_19","qam",16
"1555","2022_10_29_19","qht",58
"1556","2022_10_29_19","qme",167
"1557","2022_10_29_19","qst",20
"1558","2022_10_29_19","ro",15
"1559","2022_10_29_19","ru",5
"1560","2022_10_29_19","sl",1
"1561","2022_10_29_19","sr",3
"1562","2022_10_29_19","sv",16
"1563","2022_10_29_19","th",51
"1564","2022_10_29_19","tl",22
"1565","2022_10_29_19","tr",66
"1566","2022_10_29_19","und",46
"1567","2022_10_29_19","ur",1
"1568","2022_10_29_19","vi",1
"1569","2022_10_29_19","zh",46
"1570","2022_10_29_19","zxx",175
"1571","2022_10_29_20","ro",1
"1572","2022_10_29_21","ko",1
"1573","2022_10_29_22","de",1
"1574","2022_10_29_22","ko",1
"1575","2022_10_29_23","ko",2
"1576","2022_10_30_00","am",1
"1577","2022_10_30_00","ar",4
"1578","2022_10_30_00","art",30
"1579","2022_10_30_00","ca",8
"1580","2022_10_30_00","cs",1
"1581","2022_10_30_00","da",1
"1582","2022_10_30_00","de",153
"1583","2022_10_30_00","el",3
"1584","2022_10_30_00","en",8682
"1585","2022_10_30_00","es",885
"1586","2022_10_30_00","et",3
"1587","2022_10_30_00","fa",1
"1588","2022_10_30_00","fi",1
"1589","2022_10_30_00","fr",385
"1590","2022_10_30_00","hi",4
"1591","2022_10_30_00","ht",1
"1592","2022_10_30_00","hu",2
"1593","2022_10_30_00","in",127
"1594","2022_10_30_00","it",136
"1595","2022_10_30_00","iw",1
"1596","2022_10_30_00","ja",486
"1597","2022_10_30_00","ko",1
"1598","2022_10_30_00","nl",40
"1599","2022_10_30_00","no",3
"1600","2022_10_30_00","pl",16
"1601","2022_10_30_00","pt",485
"1602","2022_10_30_00","qam",12
"1603","2022_10_30_00","qht",44
"1604","2022_10_30_00","qme",84
"1605","2022_10_30_00","qst",13
"1606","2022_10_30_00","ro",9
"1607","2022_10_30_00","ru",1
"1608","2022_10_30_00","sv",1
"1609","2022_10_30_00","ta",2
"1610","2022_10_30_00","th",14
"1611","2022_10_30_00","tl",19
"1612","2022_10_30_00","tr",8
"1613","2022_10_30_00","und",28
"1614","2022_10_30_00","ur",5
"1615","2022_10_30_00","vi",2
"1616","2022_10_30_00","zh",35
"1617","2022_10_30_00","zxx",75
"1618","2022_10_30_01","ko",1
"1619","2022_10_30_02","en",3
"1620","2022_10_30_02","ko",2
"1621","2022_10_30_02","und",1
"1622","2022_10_30_03","am",3
"1623","2022_10_30_03","ar",3
"1624","2022_10_30_03","art",71
"1625","2022_10_30_03","ca",11
"1626","2022_10_30_03","cs",2
"1627","2022_10_30_03","cy",2
"1628","2022_10_30_03","da",4
"1629","2022_10_30_03","de",138
"1630","2022_10_30_03","en",11054
"1631","2022_10_30_03","es",903
"1632","2022_10_30_03","et",5
"1633","2022_10_30_03","eu",1
"1634","2022_10_30_03","fi",3
"1635","2022_10_30_03","fr",458
"1636","2022_10_30_03","gu",1
"1637","2022_10_30_03","hi",32
"1638","2022_10_30_03","ht",2
"1639","2022_10_30_03","in",297
"1640","2022_10_30_03","it",138
"1641","2022_10_30_03","iw",4
"1642","2022_10_30_03","ja",542
"1643","2022_10_30_03","ko",4
"1644","2022_10_30_03","nl",29
"1645","2022_10_30_03","no",1
"1646","2022_10_30_03","pl",11
"1647","2022_10_30_03","pt",1929
"1648","2022_10_30_03","qam",12
"1649","2022_10_30_03","qht",48
"1650","2022_10_30_03","qme",83
"1651","2022_10_30_03","qst",21
"1652","2022_10_30_03","ro",11
"1653","2022_10_30_03","ru",4
"1654","2022_10_30_03","sv",3
"1655","2022_10_30_03","ta",1
"1656","2022_10_30_03","th",111
"1657","2022_10_30_03","tl",37
"1658","2022_10_30_03","tr",14
"1659","2022_10_30_03","und",56
"1660","2022_10_30_03","ur",19
"1661","2022_10_30_03","vi",2
"1662","2022_10_30_03","zh",95
"1663","2022_10_30_03","zxx",89
"1664","2022_10_30_04","ar",3
"1665","2022_10_30_04","art",52
"1666","2022_10_30_04","bg",1
"1667","2022_10_30_04","bn",1
"1668","2022_10_30_04","ca",8
"1669","2022_10_30_04","cs",2
"1670","2022_10_30_04","da",4
"1671","2022_10_30_04","de",323
"1672","2022_10_30_04","el",5
"1673","2022_10_30_04","en",12706
"1674","2022_10_30_04","es",945
"1675","2022_10_30_04","et",7
"1676","2022_10_30_04","eu",2
"1677","2022_10_30_04","fa",1
"1678","2022_10_30_04","fi",11
"1679","2022_10_30_04","fr",788
"1680","2022_10_30_04","gu",1
"1681","2022_10_30_04","hi",71
"1682","2022_10_30_04","ht",6
"1683","2022_10_30_04","hu",1
"1684","2022_10_30_04","in",241
"1685","2022_10_30_04","it",308
"1686","2022_10_30_04","iw",4
"1687","2022_10_30_04","ja",890
"1688","2022_10_30_04","kn",1
"1689","2022_10_30_04","ko",9
"1690","2022_10_30_04","lt",2
"1691","2022_10_30_04","lv",1
"1692","2022_10_30_04","ml",1
"1693","2022_10_30_04","mr",4
"1694","2022_10_30_04","ne",1
"1695","2022_10_30_04","nl",61
"1696","2022_10_30_04","no",1
"1697","2022_10_30_04","pl",42
"1698","2022_10_30_04","pt",1566
"1699","2022_10_30_04","qam",14
"1700","2022_10_30_04","qht",55
"1701","2022_10_30_04","qme",239
"1702","2022_10_30_04","qst",20
"1703","2022_10_30_04","ro",11
"1704","2022_10_30_04","ru",10
"1705","2022_10_30_04","sl",1
"1706","2022_10_30_04","sv",7
"1707","2022_10_30_04","ta",1
"1708","2022_10_30_04","th",74
"1709","2022_10_30_04","tl",47
"1710","2022_10_30_04","tr",20
"1711","2022_10_30_04","und",89
"1712","2022_10_30_04","ur",24
"1713","2022_10_30_04","vi",4
"1714","2022_10_30_04","zh",140
"1715","2022_10_30_04","zxx",108
"1716","2022_10_30_05","am",4
"1717","2022_10_30_05","ar",7
"1718","2022_10_30_05","art",59
"1719","2022_10_30_05","bn",1
"1720","2022_10_30_05","ca",9
"1721","2022_10_30_05","cs",5
"1722","2022_10_30_05","da",3
"1723","2022_10_30_05","de",757
"1724","2022_10_30_05","el",14
"1725","2022_10_30_05","en",13687
"1726","2022_10_30_05","es",1031
"1727","2022_10_30_05","et",22
"1728","2022_10_30_05","eu",1
"1729","2022_10_30_05","fa",2
"1730","2022_10_30_05","fi",12
"1731","2022_10_30_05","fr",1585
"1732","2022_10_30_05","gu",4
"1733","2022_10_30_05","hi",95
"1734","2022_10_30_05","hu",5
"1735","2022_10_30_05","in",325
"1736","2022_10_30_05","it",697
"1737","2022_10_30_05","iw",5
"1738","2022_10_30_05","ja",904
"1739","2022_10_30_05","kn",1
"1740","2022_10_30_05","ko",12
"1741","2022_10_30_05","lt",2
"1742","2022_10_30_05","lv",1
"1743","2022_10_30_05","mr",9
"1744","2022_10_30_05","nl",102
"1745","2022_10_30_05","no",4
"1746","2022_10_30_05","or",2
"1747","2022_10_30_05","pl",82
"1748","2022_10_30_05","pt",1107
"1749","2022_10_30_05","qam",13
"1750","2022_10_30_05","qht",72
"1751","2022_10_30_05","qme",143
"1752","2022_10_30_05","qst",25
"1753","2022_10_30_05","ro",10
"1754","2022_10_30_05","ru",11
"1755","2022_10_30_05","sv",11
"1756","2022_10_30_05","ta",1
"1757","2022_10_30_05","te",5
"1758","2022_10_30_05","th",58
"1759","2022_10_30_05","tl",36
"1760","2022_10_30_05","tr",44
"1761","2022_10_30_05","und",93
"1762","2022_10_30_05","ur",22
"1763","2022_10_30_05","vi",3
"1764","2022_10_30_05","zh",100
"1765","2022_10_30_05","zxx",133
"1766","2022_10_30_06","ar",8
"1767","2022_10_30_06","art",52
"1768","2022_10_30_06","bg",2
"1769","2022_10_30_06","bn",1
"1770","2022_10_30_06","ca",16
"1771","2022_10_30_06","cs",12
"1772","2022_10_30_06","da",11
"1773","2022_10_30_06","de",1127
"1774","2022_10_30_06","el",23
"1775","2022_10_30_06","en",10405
"1776","2022_10_30_06","es",695
"1777","2022_10_30_06","et",10
"1778","2022_10_30_06","eu",3
"1779","2022_10_30_06","fi",20
"1780","2022_10_30_06","fr",2361
"1781","2022_10_30_06","gu",3
"1782","2022_10_30_06","hi",105
"1783","2022_10_30_06","ht",6
"1784","2022_10_30_06","hu",4
"1785","2022_10_30_06","in",303
"1786","2022_10_30_06","it",1338
"1787","2022_10_30_06","iw",4
"1788","2022_10_30_06","ja",798
"1789","2022_10_30_06","kn",1
"1790","2022_10_30_06","ko",8
"1791","2022_10_30_06","lt",1
"1792","2022_10_30_06","lv",3
"1793","2022_10_30_06","ml",1
"1794","2022_10_30_06","mr",7
"1795","2022_10_30_06","my",1
"1796","2022_10_30_06","nl",249
"1797","2022_10_30_06","no",3
"1798","2022_10_30_06","or",3
"1799","2022_10_30_06","pl",106
"1800","2022_10_30_06","pt",460
"1801","2022_10_30_06","qam",15
"1802","2022_10_30_06","qht",44
"1803","2022_10_30_06","qme",146
"1804","2022_10_30_06","qst",20
"1805","2022_10_30_06","ro",8
"1806","2022_10_30_06","ru",16
"1807","2022_10_30_06","sl",1
"1808","2022_10_30_06","sv",24
"1809","2022_10_30_06","ta",1
"1810","2022_10_30_06","th",37
"1811","2022_10_30_06","tl",51
"1812","2022_10_30_06","tr",43
"1813","2022_10_30_06","uk",1
"1814","2022_10_30_06","und",70
"1815","2022_10_30_06","ur",12
"1816","2022_10_30_06","vi",6
"1817","2022_10_30_06","zh",78
"1818","2022_10_30_06","zxx",107
"1819","2022_10_30_07","am",1
"1820","2022_10_30_07","ar",9
"1821","2022_10_30_07","art",30
"1822","2022_10_30_07","bg",3
"1823","2022_10_30_07","bn",1
"1824","2022_10_30_07","ca",9
"1825","2022_10_30_07","cs",20
"1826","2022_10_30_07","da",11
"1827","2022_10_30_07","de",1089
"1828","2022_10_30_07","el",13
"1829","2022_10_30_07","en",7219
"1830","2022_10_30_07","es",516
"1831","2022_10_30_07","et",11
"1832","2022_10_30_07","fi",14
"1833","2022_10_30_07","fr",2200
"1834","2022_10_30_07","gu",4
"1835","2022_10_30_07","hi",56
"1836","2022_10_30_07","ht",2
"1837","2022_10_30_07","hu",1
"1838","2022_10_30_07","in",132
"1839","2022_10_30_07","it",984
"1840","2022_10_30_07","iw",1
"1841","2022_10_30_07","ja",599
"1842","2022_10_30_07","kn",1
"1843","2022_10_30_07","ko",4
"1844","2022_10_30_07","lt",3
"1845","2022_10_30_07","lv",3
"1846","2022_10_30_07","mr",1
"1847","2022_10_30_07","nl",267
"1848","2022_10_30_07","no",2
"1849","2022_10_30_07","or",1
"1850","2022_10_30_07","pl",91
"1851","2022_10_30_07","pt",237
"1852","2022_10_30_07","qam",9
"1853","2022_10_30_07","qht",42
"1854","2022_10_30_07","qme",109
"1855","2022_10_30_07","qst",14
"1856","2022_10_30_07","ro",9
"1857","2022_10_30_07","ru",7
"1858","2022_10_30_07","sl",1
"1859","2022_10_30_07","sr",1
"1860","2022_10_30_07","sv",21
"1861","2022_10_30_07","th",35
"1862","2022_10_30_07","tl",23
"1863","2022_10_30_07","tr",67
"1864","2022_10_30_07","uk",2
"1865","2022_10_30_07","und",46
"1866","2022_10_30_07","ur",5
"1867","2022_10_30_07","vi",4
"1868","2022_10_30_07","zh",58
"1869","2022_10_30_07","zxx",84
"1870","2022_10_30_08","ar",12
"1871","2022_10_30_08","art",36
"1872","2022_10_30_08","bg",3
"1873","2022_10_30_08","ca",35
"1874","2022_10_30_08","cs",17
"1875","2022_10_30_08","da",13
"1876","2022_10_30_08","de",1530
"1877","2022_10_30_08","el",24
"1878","2022_10_30_08","en",11213
"1879","2022_10_30_08","es",1792
"1880","2022_10_30_08","et",8
"1881","2022_10_30_08","eu",1
"1882","2022_10_30_08","fi",20
"1883","2022_10_30_08","fr",3096
"1884","2022_10_30_08","gu",3
"1885","2022_10_30_08","hi",91
"1886","2022_10_30_08","ht",2
"1887","2022_10_30_08","hu",3
"1888","2022_10_30_08","in",221
"1889","2022_10_30_08","it",1281
"1890","2022_10_30_08","iw",11
"1891","2022_10_30_08","ja",854
"1892","2022_10_30_08","ko",3
"1893","2022_10_30_08","lt",2
"1894","2022_10_30_08","lv",2
"1895","2022_10_30_08","my",1
"1896","2022_10_30_08","ne",1
"1897","2022_10_30_08","nl",429
"1898","2022_10_30_08","no",3
"1899","2022_10_30_08","or",1
"1900","2022_10_30_08","pl",129
"1901","2022_10_30_08","pt",396
"1902","2022_10_30_08","qam",24
"1903","2022_10_30_08","qht",62
"1904","2022_10_30_08","qme",180
"1905","2022_10_30_08","qst",24
"1906","2022_10_30_08","ro",8
"1907","2022_10_30_08","ru",16
"1908","2022_10_30_08","sl",5
"1909","2022_10_30_08","sr",1
"1910","2022_10_30_08","sv",24
"1911","2022_10_30_08","ta",3
"1912","2022_10_30_08","th",44
"1913","2022_10_30_08","tl",35
"1914","2022_10_30_08","tr",108
"1915","2022_10_30_08","und",113
"1916","2022_10_30_08","ur",5
"1917","2022_10_30_08","vi",7
"1918","2022_10_30_08","zh",123
"1919","2022_10_30_08","zxx",138
"1920","2022_10_30_09","am",1
"1921","2022_10_30_09","ar",8
"1922","2022_10_30_09","art",39
"1923","2022_10_30_09","ca",57
"1924","2022_10_30_09","cs",11
"1925","2022_10_30_09","cy",2
"1926","2022_10_30_09","da",13
"1927","2022_10_30_09","de",1234
"1928","2022_10_30_09","el",17
"1929","2022_10_30_09","en",7989
"1930","2022_10_30_09","es",1241
"1931","2022_10_30_09","et",4
"1932","2022_10_30_09","fi",11
"1933","2022_10_30_09","fr",1776
"1934","2022_10_30_09","gu",2
"1935","2022_10_30_09","hi",70
"1936","2022_10_30_09","ht",3
"1937","2022_10_30_09","hu",1
"1938","2022_10_30_09","in",171
"1939","2022_10_30_09","it",828
"1940","2022_10_30_09","iw",1
"1941","2022_10_30_09","ja",617
"1942","2022_10_30_09","kn",1
"1943","2022_10_30_09","ko",1
"1944","2022_10_30_09","lt",1
"1945","2022_10_30_09","mr",1
"1946","2022_10_30_09","my",2
"1947","2022_10_30_09","nl",268
"1948","2022_10_30_09","no",3
"1949","2022_10_30_09","pl",91
"1950","2022_10_30_09","pt",678
"1951","2022_10_30_09","qam",11
"1952","2022_10_30_09","qht",55
"1953","2022_10_30_09","qme",96
"1954","2022_10_30_09","qst",15
"1955","2022_10_30_09","ro",10
"1956","2022_10_30_09","ru",5
"1957","2022_10_30_09","sl",3
"1958","2022_10_30_09","sr",4
"1959","2022_10_30_09","sv",29
"1960","2022_10_30_09","ta",2
"1961","2022_10_30_09","te",1
"1962","2022_10_30_09","th",7
"1963","2022_10_30_09","tl",42
"1964","2022_10_30_09","tr",130
"1965","2022_10_30_09","uk",1
"1966","2022_10_30_09","und",55
"1967","2022_10_30_09","ur",5
"1968","2022_10_30_09","vi",3
"1969","2022_10_30_09","zh",75
"1970","2022_10_30_09","zxx",95
"1971","2022_10_30_10","en",2
"1972","2022_10_30_11","en",1
"1973","2022_10_30_12","am",2
"1974","2022_10_30_12","ar",11
"1975","2022_10_30_12","art",124
"1976","2022_10_30_12","bn",1
"1977","2022_10_30_12","ca",37
"1978","2022_10_30_12","cs",9
"1979","2022_10_30_12","cy",1
"1980","2022_10_30_12","da",8
"1981","2022_10_30_12","de",1157
"1982","2022_10_30_12","el",28
"1983","2022_10_30_12","en",15761
"1984","2022_10_30_12","es",2031
"1985","2022_10_30_12","et",11
"1986","2022_10_30_12","eu",4
"1987","2022_10_30_12","fi",25
"1988","2022_10_30_12","fr",2305
"1989","2022_10_30_12","hi",127
"1990","2022_10_30_12","ht",4
"1991","2022_10_30_12","hu",4
"1992","2022_10_30_12","in",323
"1993","2022_10_30_12","it",830
"1994","2022_10_30_12","iw",3
"1995","2022_10_30_12","ja",740
"1996","2022_10_30_12","ko",5
"1997","2022_10_30_12","lt",3
"1998","2022_10_30_12","lv",4
"1999","2022_10_30_12","mr",1
"2000","2022_10_30_12","nl",267
"2001","2022_10_30_12","no",4
"2002","2022_10_30_12","pa",1
"2003","2022_10_30_12","pl",92
"2004","2022_10_30_12","pt",3994
"2005","2022_10_30_12","qam",29
"2006","2022_10_30_12","qht",73
"2007","2022_10_30_12","qme",229
"2008","2022_10_30_12","qst",45
"2009","2022_10_30_12","ro",15
"2010","2022_10_30_12","ru",12
"2011","2022_10_30_12","sl",2
"2012","2022_10_30_12","sr",1
"2013","2022_10_30_12","sv",30
"2014","2022_10_30_12","ta",4
"2015","2022_10_30_12","th",26
"2016","2022_10_30_12","tl",58
"2017","2022_10_30_12","tr",105
"2018","2022_10_30_12","uk",2
"2019","2022_10_30_12","und",70
"2020","2022_10_30_12","ur",10
"2021","2022_10_30_12","vi",1
"2022","2022_10_30_12","zh",71
"2023","2022_10_30_12","zxx",208
"2024","2022_10_30_13","am",2
"2025","2022_10_30_13","ar",15
"2026","2022_10_30_13","art",108
"2027","2022_10_30_13","bn",2
"2028","2022_10_30_13","ca",42
"2029","2022_10_30_13","cs",12
"2030","2022_10_30_13","da",17
"2031","2022_10_30_13","de",1401
"2032","2022_10_30_13","el",33
"2033","2022_10_30_13","en",21356
"2034","2022_10_30_13","es",2452
"2035","2022_10_30_13","et",19
"2036","2022_10_30_13","eu",2
"2037","2022_10_30_13","fa",1
"2038","2022_10_30_13","fi",32
"2039","2022_10_30_13","fr",2593
"2040","2022_10_30_13","gu",1
"2041","2022_10_30_13","hi",234
"2042","2022_10_30_13","ht",14
"2043","2022_10_30_13","hu",3
"2044","2022_10_30_13","in",541
"2045","2022_10_30_13","it",946
"2046","2022_10_30_13","iw",6
"2047","2022_10_30_13","ja",912
"2048","2022_10_30_13","kn",1
"2049","2022_10_30_13","ko",3
"2050","2022_10_30_13","lt",2
"2051","2022_10_30_13","lv",2
"2052","2022_10_30_13","mr",3
"2053","2022_10_30_13","ne",2
"2054","2022_10_30_13","nl",328
"2055","2022_10_30_13","no",3
"2056","2022_10_30_13","pl",122
"2057","2022_10_30_13","pt",4624
"2058","2022_10_30_13","qam",33
"2059","2022_10_30_13","qht",93
"2060","2022_10_30_13","qme",317
"2061","2022_10_30_13","qst",38
"2062","2022_10_30_13","ro",19
"2063","2022_10_30_13","ru",5
"2064","2022_10_30_13","sl",2
"2065","2022_10_30_13","sv",24
"2066","2022_10_30_13","ta",1
"2067","2022_10_30_13","th",20
"2068","2022_10_30_13","tl",160
"2069","2022_10_30_13","tr",104
"2070","2022_10_30_13","uk",1
"2071","2022_10_30_13","und",133
"2072","2022_10_30_13","ur",10
"2073","2022_10_30_13","vi",5
"2074","2022_10_30_13","zh",151
"2075","2022_10_30_13","zxx",226
"2076","2022_10_30_14","ur",2
"2077","2022_10_30_14","zh",2
"2078","2022_10_30_15","en",2
"2079","2022_10_30_15","und",1
"2080","2022_10_30_16","en",2
"2081","2022_10_30_16","ja",1
"2082","2022_10_30_17","en",3
"2083","2022_10_30_18","ja",1
"2084","2022_10_30_19","en",4
"2085","2022_10_30_19","es",1
"2086","2022_10_30_20","en",2
"2087","2022_10_30_21","en",3
"2088","2022_10_30_21","ja",1
"2089","2022_10_30_22","und",1
"2090","2022_10_30_23","ar",4
"2091","2022_10_30_23","art",297
"2092","2022_10_30_23","ca",31
"2093","2022_10_30_23","cs",11
"2094","2022_10_30_23","cy",3
"2095","2022_10_30_23","da",12
"2096","2022_10_30_23","de",835
"2097","2022_10_30_23","el",9
"2098","2022_10_30_23","en",25577
"2099","2022_10_30_23","es",3138
"2100","2022_10_30_23","et",8
"2101","2022_10_30_23","eu",4
"2102","2022_10_30_23","fa",1
"2103","2022_10_30_23","fi",36
"2104","2022_10_30_23","fr",1909
"2105","2022_10_30_23","hi",7
"2106","2022_10_30_23","ht",8
"2107","2022_10_30_23","in",664
"2108","2022_10_30_23","is",5
"2109","2022_10_30_23","it",551
"2110","2022_10_30_23","iw",3
"2111","2022_10_30_23","ja",1133
"2112","2022_10_30_23","ko",8
"2113","2022_10_30_23","lt",3
"2114","2022_10_30_23","lv",8
"2115","2022_10_30_23","nl",168
"2116","2022_10_30_23","no",11
"2117","2022_10_30_23","pl",60
"2118","2022_10_30_23","pt",54381
"2119","2022_10_30_23","qam",39
"2120","2022_10_30_23","qht",115
"2121","2022_10_30_23","qme",260
"2122","2022_10_30_23","qst",204
"2123","2022_10_30_23","ro",8
"2124","2022_10_30_23","ru",1
"2125","2022_10_30_23","sl",2
"2126","2022_10_30_23","sv",13
"2127","2022_10_30_23","th",35
"2128","2022_10_30_23","tl",97
"2129","2022_10_30_23","tr",71
"2130","2022_10_30_23","und",165
"2131","2022_10_30_23","vi",1
"2132","2022_10_30_23","zh",117
"2133","2022_10_30_23","zxx",446
"2134","2022_10_31_00","en",2
"2135","2022_10_31_01","en",2
"2136","2022_10_31_02","ja",2
"2137","2022_10_31_03","en",1
"2138","2022_10_31_03","ja",1
"2139","2022_10_31_04","en",2
"2140","2022_10_31_04","ko",1
"2141","2022_10_31_05","en",1
"2142","2022_10_31_05","ja",1
"2143","2022_10_31_05","und",1
"2144","2022_10_31_06","de",1
"2145","2022_10_31_06","en",2
"2146","2022_10_31_06","ja",1
"2147","2022_10_31_07","en",4
"2148","2022_10_31_07","ja",2
"2149","2022_10_31_08","en",5
"2150","2022_10_31_09","en",5
"2151","2022_10_31_09","ja",1
"2152","2022_10_31_09","zh",2
"2153","2022_10_31_10","en",3
"2154","2022_10_31_10","in",1
"2155","2022_10_31_11","de",1
"2156","2022_10_31_11","en",2
"2157","2022_10_31_12","en",5
"2158","2022_10_31_12","tl",5
"2159","2022_10_31_12","und",1
"2160","2022_10_31_13","en",2
"2161","2022_10_31_13","ja",1
"2162","2022_10_31_14","en",2
"2163","2022_10_31_15","en",4
"2164","2022_10_31_16","ja",1
"2165","2022_10_31_17","en",2
"2166","2022_10_31_17","hi",1
"2167","2022_10_31_18","en",4
"2168","2022_10_31_19","ja",1
"2169","2022_10_31_20","en",2
"2170","2022_10_31_21","en",5
"2171","2022_10_31_21","es",1
"2172","2022_10_31_22","en",2
"2173","2022_10_31_22","und",3
"2174","2022_10_31_23","en",1
