Tweet_ID,Hastag
1604446732502417409,#ILY1
1604446732502417409,#아일리원
1604446732502417409,#RIRIKA
1604446732502417409,#HANA
1604446732502417409,#RONA
1604446732502417409,#NAYU
1604446732502417409,#ARA
1604446732502417409,#ELVA
1604446732502417409,#리리카
1604446732502417409,#하나
1604446732502417409,#로나
1604446732502417409,#나유
1604446732502417409,#아라
1604446732502417409,#엘바
1604448825241788417,#うたつなぎ
1604448825241788417,#StayAtHome
1604452908048994304,#EnjoyFromHome
1604452908048994304,#COVID19
1604452908048994304,#StayAtHome
1604452909831184384,#EnjoyFromHome
1604452909831184384,#COVID19
1604452909831184384,#StayAtHome
1604459721460797440,#StaySafe
1604459721460797440,#StayAtHome
1604459721460797440,#COVID19
