"","Year","Month","Day","Text","Count"
"1",2020,2,29,"méxico",14175
"2",2020,2,29,"ecuador",5847
"3",2020,2,29,"china",4832
"4",2020,2,29,"españa",2695
"5",2020,2,29,"italia",2329
"6",2020,4,22,"argentina",9200
"7",2020,4,22,"españa",6532
"8",2020,4,22,"méxico",6114
"9",2020,4,22,"venezuela",5855
"10",2020,4,22,"wuhan",3876
"11",2020,8,28,"españa",13195
"12",2020,8,28,"venezuela",12461
"13",2020,8,28,"méxico",7422
"14",2020,8,28,"sevilla",6733
"15",2020,8,28,"argentina",6404
"16",2020,9,15,"venezuela",10573
"17",2020,9,15,"españa",9580
"18",2020,9,15,"madrid",9221
"19",2020,9,15,"argentina",8605
"20",2020,9,15,"méxico",5872
"21",2020,9,18,"madrid",24366
"22",2020,9,18,"venezuela",10669
"23",2020,9,18,"españa",8610
"24",2020,9,18,"argentina",7420
"25",2020,9,18,"méxico",5907
"26",2020,9,24,"madrid",10875
"27",2020,9,24,"españa",8129
"28",2020,9,24,"venezuela",7794
"29",2020,9,24,"méxico",6079
"30",2020,9,24,"argentina",3954
"31",2020,9,27,"madrid",44826
"32",2020,9,27,"españa",20635
"33",2020,9,27,"venezuela",13651
"34",2020,9,27,"chile",7179
"35",2020,9,27,"navarra",5974
"36",2020,11,12,"venezuela",6768
"37",2020,11,12,"méxico",4968
"38",2020,11,12,"españa",4506
"39",2020,11,12,"argentina",2929
"40",2020,11,12,"eeuu",2305
"41",2020,12,29,"chile",17785
"42",2020,12,29,"venezuela",13779
"43",2020,12,29,"méxico",9260
"44",2020,12,29,"madrid",8564
"45",2020,12,29,"españa",6443
"46",2021,1,22,"méxico",21030
"47",2021,1,22,"venezuela",11541
"48",2021,1,22,"españa",11406
"49",2021,1,22,"colombia",10662
"50",2021,1,22,"cuba",9541
"51",2021,1,23,"españa",12087
"52",2021,1,23,"méxico",11205
"53",2021,1,23,"venezuela",11000
"54",2021,1,23,"wuhan",7366
"55",2021,1,23,"colombia",7343
"56",2021,1,24,"venezuela",23729
"57",2021,1,24,"méxico",12435
"58",2021,1,24,"españa",9637
"59",2021,1,24,"cuba",6989
"60",2021,1,24,"brasil",6115
"61",2021,1,26,"méxico",25263
"62",2021,1,26,"venezuela",23797
"63",2021,1,26,"colombia",21028
"64",2021,1,26,"españa",11530
"65",2021,1,26,"mk",5271
"66",2021,1,27,"méxico",21712
"67",2021,1,27,"venezuela",14803
"68",2021,1,27,"colombia",12611
"69",2021,1,27,"españa",8665
"70",2021,1,27,"madrid",7601
"71",2021,1,29,"méxico",30010
"72",2021,1,29,"venezuela",10210
"73",2021,1,29,"brasil",8838
"74",2021,1,29,"colombia",8085
"75",2021,1,29,"españa",7186
"76",2021,2,4,"venezuela",11895
"77",2021,2,4,"méxico",11491
"78",2021,2,4,"colombia",5743
"79",2021,2,4,"españa",5680
"80",2021,2,4,"wuhan",5077
"81",2021,2,5,"méxico",15283
"82",2021,2,5,"venezuela",8160
"83",2021,2,5,"españa",7929
"84",2021,2,5,"colombia",4675
"85",2021,2,5,"covid",4653
"86",2021,2,9,"méxico",17741
"87",2021,2,9,"wuhan",15887
"88",2021,2,9,"venezuela",11739
"89",2021,2,9,"españa",6593
"90",2021,2,9,"china",6034
"91",2021,2,21,"venezuela",27887
"92",2021,2,21,"méxico",10425
"93",2021,2,21,"argentina",4554
"94",2021,2,21,"rusia",4494
"95",2021,2,21,"perú",4386
"96",2021,3,3,"venezuela",17008
"97",2021,3,3,"argentina",7573
"98",2021,3,3,"méxico",7206
"99",2021,3,3,"españa",5745
"100",2021,3,3,"brasil",4634
"101",2021,3,4,"venezuela",29720
"102",2021,3,4,"brasil",8820
"103",2021,3,4,"cuba",6472
"104",2021,3,4,"méxico",5438
"105",2021,3,4,"caracas",4552
"106",2021,3,5,"venezuela",10257
"107",2021,3,5,"méxico",6035
"108",2021,3,5,"brasil",5294
"109",2021,3,5,"chile",4974
"110",2021,3,5,"madrid",4889
"111",2021,3,10,"méxico",8348
"112",2021,3,10,"venezuela",7992
"113",2021,3,10,"brasil",6268
"114",2021,3,10,"argentina",6092
"115",2021,3,10,"chile",5419
"116",2021,3,17,"venezuela",15206
"117",2021,3,17,"brasil",13187
"118",2021,3,17,"méxico",9534
"119",2021,3,17,"chile",5897
"120",2021,3,17,"cuba",4620
"121",2021,3,19,"venezuela",16431
"122",2021,3,19,"méxico",9858
"123",2021,3,19,"brasil",8307
"124",2021,3,19,"cuba",5357
"125",2021,3,19,"chile",5167
"126",2021,3,28,"venezuela",44127
"127",2021,3,28,"méxico",17315
"128",2021,3,28,"edoméx",14222
"129",2021,3,28,"caracas",11080
"130",2021,3,28,"brasil",7864
"131",2021,4,1,"venezuela",27531
"132",2021,4,1,"brasil",12683
"133",2021,4,1,"chile",8341
"134",2021,4,1,"francia",7702
"135",2021,4,1,"ixtapaluca",7390
"136",2021,4,4,"venezuela",44210
"137",2021,4,4,"méxico",11716
"138",2021,4,4,"brasil",9187
"139",2021,4,4,"caracas",8173
"140",2021,4,4,"chile",7033
"141",2021,4,8,"venezuela",30923
"142",2021,4,8,"españa",13796
"143",2021,4,8,"brasil",11151
"144",2021,4,8,"méxico",7505
"145",2021,4,8,"cuba",6908
"146",2021,4,10,"venezuela",53451
"147",2021,4,10,"méxico",7348
"148",2021,4,10,"chile",7292
"149",2021,4,10,"españa",7037
"150",2021,4,10,"reino unido",6870
"151",2021,4,15,"méxico",9918
"152",2021,4,15,"venezuela",9780
"153",2021,4,15,"argentina",5853
"154",2021,4,15,"españa",5278
"155",2021,4,15,"brasil",4286
"156",2021,4,16,"venezuela",17478
"157",2021,4,16,"méxico",8329
"158",2021,4,16,"argentina",7191
"159",2021,4,16,"chile",6558
"160",2021,4,16,"brasil",6162
"161",2021,4,17,"venezuela",25505
"162",2021,4,17,"méxico",8210
"163",2021,4,17,"madrid",4655
"164",2021,4,17,"brasil",4579
"165",2021,4,17,"argentina",4127
"166",2021,4,18,"venezuela",21250
"167",2021,4,18,"méxico",7332
"168",2021,4,18,"madrid",6390
"169",2021,4,18,"brasil",6215
"170",2021,4,18,"colombia",5475
"171",2021,4,19,"venezuela",33605
"172",2021,4,19,"madrid",13503
"173",2021,4,19,"mérida",9251
"174",2021,4,19,"brasil",6819
"175",2021,4,19,"méxico",6613
"176",2021,4,21,"venezuela",30314
"177",2021,4,21,"méxico",12606
"178",2021,4,21,"argentina",7535
"179",2021,4,21,"españa",7464
"180",2021,4,21,"madrid",7231
"181",2021,4,26,"venezuela",33422
"182",2021,4,26,"india",19924
"183",2021,4,26,"🇻🇪📢",12602
"184",2021,4,26,"colombia",7063
"185",2021,4,26,"méxico",6291
"186",2021,4,27,"venezuela",18203
"187",2021,4,27,"india",18110
"188",2021,4,27,"🇻🇪📢",11220
"189",2021,4,27,"méxico",8350
"190",2021,4,27,"colombia",7936
"191",2021,5,3,"venezuela",17364
"192",2021,5,3,"🇻🇪📢",14200
"193",2021,5,3,"méxico",10157
"194",2021,5,3,"india",8627
"195",2021,5,3,"miami",5738
"196",2021,5,4,"venezuela",12775
"197",2021,5,4,"india",8162
"198",2021,5,4,"🇻🇪📢",6375
"199",2021,5,4,"madrid",6268
"200",2021,5,4,"méxico",6074
"201",2021,5,5,"venezuela",13629
"202",2021,5,5,"colombia",6903
"203",2021,5,5,"méxico",5480
"204",2021,5,5,"argentina",4469
"205",2021,5,5,"india",4338
"206",2021,5,6,"méxico",7749
"207",2021,5,6,"venezuela",6069
"208",2021,5,6,"colombia",5083
"209",2021,5,6,"argentina",4655
"210",2021,5,6,"india",3834
"211",2021,5,8,"madrid",6368
"212",2021,5,8,"españa",6232
"213",2021,5,8,"venezuela",6040
"214",2021,5,8,"méxico",5268
"215",2021,5,8,"india",3750
"216",2021,5,9,"españa",6395
"217",2021,5,9,"madrid",5282
"218",2021,5,9,"india",4355
"219",2021,5,9,"venezuela",4313
"220",2021,5,9,"méxico",3994
"221",2021,5,13,"españa",7322
"222",2021,5,13,"méxico",4893
"223",2021,5,13,"india",4025
"224",2021,5,13,"venezuela",3685
"225",2021,5,13,"cuba",3090
"226",2021,5,19,"venezuela",10050
"227",2021,5,19,"méxico",9493
"228",2021,5,19,"argentina",6784
"229",2021,5,19,"cuba",4744
"230",2021,5,19,"españa",4678
"231",2021,5,28,"argentina",7205
"232",2021,5,28,"wuhan",6681
"233",2021,5,28,"méxico",5502
"234",2021,5,28,"venezuela",5167
"235",2021,5,28,"españa",4510
"236",2021,5,31,"brasil",10634
"237",2021,5,31,"venezuela",10164
"238",2021,5,31,"argentina",9738
"239",2021,5,31,"wuhan",9660
"240",2021,5,31,"colombia",7314
"241",2021,6,13,"venezuela",6444
"242",2021,6,13,"méxico",4842
"243",2021,6,13,"colombia",4434
"244",2021,6,13,"argentina",3758
"245",2021,6,13,"chile",3649
"246",2021,6,19,"venezuela",4679
"247",2021,6,19,"brasil",4102
"248",2021,6,19,"españa",4052
"249",2021,6,19,"argentina",3541
"250",2021,6,19,"chile",2990
"251",2021,6,24,"chile",7681
"252",2021,6,24,"méxico",6173
"253",2021,6,24,"españa",5389
"254",2021,6,24,"talca",4531
"255",2021,6,24,"cuba",4321
"256",2021,6,30,"cuba",6202
"257",2021,6,30,"méxico",5071
"258",2021,6,30,"venezuela",4130
"259",2021,6,30,"mallorca",4124
"260",2021,6,30,"colombia",3984
"261",2021,7,1,"méxico",8144
"262",2021,7,1,"españa",5500
"263",2021,7,1,"venezuela",4287
"264",2021,7,1,"mallorca",3882
"265",2021,7,1,"cuba",3837
"266",2021,7,2,"cuba",7497
"267",2021,7,2,"méxico",5569
"268",2021,7,2,"españa",4550
"269",2021,7,2,"venezuela",3670
"270",2021,7,2,"venevisión",3470
"271",2021,7,3,"cuba",19978
"272",2021,7,3,"la habana",7771
"273",2021,7,3,"colombia",3273
"274",2021,7,3,"venezuela",3271
"275",2021,7,3,"españa",3216
"276",2021,7,4,"cuba",9987
"277",2021,7,4,"venezuela",3736
"278",2021,7,4,"méxico",3735
"279",2021,7,4,"españa",2723
"280",2021,7,4,"eeuu",2516
"281",2021,7,5,"venezuela",8354
"282",2021,7,5,"méxico",7434
"283",2021,7,5,"cuba",5976
"284",2021,7,5,"israel",4452
"285",2021,7,5,"españa",3521
"286",2021,7,6,"méxico",9520
"287",2021,7,6,"venezuela",7112
"288",2021,7,6,"cuba",6021
"289",2021,7,6,"israel",5318
"290",2021,7,6,"españa",4764
"291",2021,7,7,"méxico",12156
"292",2021,7,7,"cuba",5556
"293",2021,7,7,"venezuela",5247
"294",2021,7,7,"españa",5191
"295",2021,7,7,"madrid",5045
"296",2021,7,8,"méxico",8267
"297",2021,7,8,"españa",6052
"298",2021,7,8,"cuba",5410
"299",2021,7,8,"tokio",4491
"300",2021,7,8,"durango",3486
"301",2021,7,9,"cuba",8321
"302",2021,7,9,"españa",5715
"303",2021,7,9,"méxico",5498
"304",2021,7,9,"carabobo",3035
"305",2021,7,9,"c",2789
"306",2021,7,10,"cuba",16815
"307",2021,7,10,"méxico",6791
"308",2021,7,10,"españa",2841
"309",2021,7,10,"venezuela",2761
"310",2021,7,10,"matanzas",2620
"311",2021,7,13,"cuba",22170
"312",2021,7,13,"méxico",7864
"313",2021,7,13,"venezuela",5317
"314",2021,7,13,"españa",4529
"315",2021,7,13,"argentina",2627
"316",2021,7,16,"méxico",9870
"317",2021,7,16,"cuba",9685
"318",2021,7,16,"españa",5884
"319",2021,7,16,"venezuela",4927
"320",2021,7,16,"argentina",3804
"321",2021,7,19,"méxico",10561
"322",2021,7,19,"cuba",6161
"323",2021,7,19,"españa",5524
"324",2021,7,19,"venezuela",3921
"325",2021,7,19,"china",3194
"326",2021,7,23,"méxico",10858
"327",2021,7,23,"españa",4839
"328",2021,7,23,"cuba",4421
"329",2021,7,23,"argentina",3883
"330",2021,7,23,"venezuela",2959
"331",2021,7,25,"cuba",5735
"332",2021,7,25,"venezuela",4171
"333",2021,7,25,"méxico",3975
"334",2021,7,25,"españa",3499
"335",2021,7,25,"madrid",2635
"336",2021,7,29,"méxico",11299
"337",2021,7,29,"cuba",4645
"338",2021,7,29,"españa",3225
"339",2021,7,29,"china",2951
"340",2021,7,29,"venezuela",2936
"341",2021,8,1,"cuba",7062
"342",2021,8,1,"méxico",5759
"343",2021,8,1,"venezuela",2760
"344",2021,8,1,"españa",2169
"345",2021,8,1,"francia",2018
"346",2021,8,4,"méxico",12107
"347",2021,8,4,"cuba",11561
"348",2021,8,4,"wuhan",6989
"349",2021,8,4,"españa",4644
"350",2021,8,4,"china",3118
"351",2021,8,5,"méxico",11273
"352",2021,8,5,"cuba",8826
"353",2021,8,5,"españa",3748
"354",2021,8,5,"venezuela",3141
"355",2021,8,5,"argentina",2336
"356",2021,8,6,"méxico",12381
"357",2021,8,6,"cuba",4621
"358",2021,8,6,"españa",3781
"359",2021,8,6,"venezuela",3303
"360",2021,8,6,"galicia",2774
"361",2021,8,8,"méxico",7573
"362",2021,8,8,"gipuzkoa",5872
"363",2021,8,8,"azpetia",5868
"364",2021,8,8,"cuba",4822
"365",2021,8,8,"españa",2395
"366",2021,8,9,"méxico",5529
"367",2021,8,9,"cuba",5017
"368",2021,8,9,"españa",3645
"369",2021,8,9,"covid",3002
"370",2021,8,9,"argentina",2850
"371",2021,8,11,"méxico",8325
"372",2021,8,11,"cuba",6027
"373",2021,8,11,"españa",3710
"374",2021,8,11,"venezuela",3006
"375",2021,8,11,"marbella",2612
"376",2021,8,12,"méxico",12408
"377",2021,8,12,"venezuela",5966
"378",2021,8,12,"cuba",4851
"379",2021,8,12,"españa",4140
"380",2021,8,12,"eeuu",2668
"381",2021,8,13,"venezuela",22512
"382",2021,8,13,"méxico",14038
"383",2021,8,13,"españa",7225
"384",2021,8,13,"cuba",6871
"385",2021,8,13,"bolívar",3654
"386",2021,8,14,"méxico",8945
"387",2021,8,14,"zócalo",4219
"388",2021,8,14,"españa",3986
"389",2021,8,14,"venezuela",3945
"390",2021,8,14,"cuba",3648
"391",2021,8,16,"afganistán",8395
"392",2021,8,16,"méxico",7235
"393",2021,8,16,"cuba",5908
"394",2021,8,16,"venezuela",4370
"395",2021,8,16,"argentina",3377
"396",2021,8,17,"méxico",10069
"397",2021,8,17,"cuba",6019
"398",2021,8,17,"afganistán",4528
"399",2021,8,17,"nueva zelanda",4484
"400",2021,8,17,"covid",4044
"401",2021,8,19,"méxico",12129
"402",2021,8,19,"cuba",3144
"403",2021,8,19,"venezuela",3064
"404",2021,8,19,"españa",2600
"405",2021,8,19,"argentina",1955
"406",2021,8,23,"méxico",4615
"407",2021,8,23,"cuba",3355
"408",2021,8,23,"venezuela",3062
"409",2021,8,23,"argentina",2846
"410",2021,8,23,"eeuu",2551
"411",2021,8,29,"peru",4553
"412",2021,8,29,"cuba",4454
"413",2021,8,29,"méxico",4361
"414",2021,8,29,"venezuela",2656
"415",2021,8,29,"argentina",2576
"416",2021,8,30,"venezuela",5042
"417",2021,8,30,"peru",3870
"418",2021,8,30,"eeuu",3609
"419",2021,8,30,"méxico",3541
"420",2021,8,30,"cuba",3507
"421",2021,9,2,"méxico",8019
"422",2021,9,2,"cuba",4906
"423",2021,9,2,"venezuela",3545
"424",2021,9,2,"españa",2812
"425",2021,9,2,"estados unidos",2241
"426",2021,9,7,"cuba",9202
"427",2021,9,7,"méxico",5923
"428",2021,9,7,"venezuela",4872
"429",2021,9,7,"honduras",3154
"430",2021,9,7,"barranquilla",3152
"431",2021,9,14,"méxico",6120
"432",2021,9,14,"cuba",5341
"433",2021,9,14,"venezuela",3199
"434",2021,9,14,"chile",2501
"435",2021,9,14,"españa",2440
"436",2021,9,19,"méxico",4326
"437",2021,9,19,"españa",3704
"438",2021,9,19,"venezuela",3570
"439",2021,9,19,"cuba",2356
"440",2021,9,19,"australia",2239
"441",2021,9,20,"méxico",518
"442",2021,9,20,"venezuela",376
"443",2021,9,20,"barranquilla",297
"444",2021,9,20,"argentina",201
"445",2021,9,20,"nicaragua",173
"446",2021,9,25,"cuba",3809
"447",2021,9,25,"venezuela",2923
"448",2021,9,25,"méxico",2908
"449",2021,9,25,"españa",1430
"450",2021,9,25,"palacio pereira",1406
"451",2021,9,26,"méxico",5745
"452",2021,9,26,"venezuela",5000
"453",2021,9,26,"cuba",3001
"454",2021,9,26,"paraguay",2926
"455",2021,9,26,"eeuu",2089
"456",2021,10,1,"venezuela",1595
"457",2021,10,1,"españa",1430
"458",2021,10,1,"méxico",1119
"459",2021,10,1,"cuba",862
"460",2021,10,1,"argentina",813
"461",2021,10,3,"méxico",2027
"462",2021,10,3,"venezuela",1902
"463",2021,10,3,"argentina",1537
"464",2021,10,3,"caracas",927
"465",2021,10,3,"belice",875
"466",2021,10,6,"venezuela",2641
"467",2021,10,6,"méxico",2384
"468",2021,10,6,"españa",1894
"469",2021,10,6,"caracas",1700
"470",2021,10,6,"cuba",1233
"471",2021,10,13,"cuba",4747
"472",2021,10,13,"venezuela",4406
"473",2021,10,13,"méxico",3916
"474",2021,10,13,"argentina",2007
"475",2021,10,13,"españa",2007
"476",2021,10,16,"méxico",3403
"477",2021,10,16,"venezuela",2860
"478",2021,10,16,"cuba",2327
"479",2021,10,16,"rusia",1954
"480",2021,10,16,"argentina",1220
"481",2021,10,17,"méxico",3718
"482",2021,10,17,"venezuela",2934
"483",2021,10,17,"plaza de mayo",2795
"484",2021,10,17,"cuba",1799
"485",2021,10,17,"peru",1737
"486",2021,10,20,"méxico",3583
"487",2021,10,20,"venezuela",3436
"488",2021,10,20,"rusia",2442
"489",2021,10,20,"cuba",2024
"490",2021,10,20,"reino unido",1725
"491",2021,10,23,"méxico",3056
"492",2021,10,23,"venezuela",2941
"493",2021,10,23,"cuba",2249
"494",2021,10,23,"españa",1764
"495",2021,10,23,"chubut",1614
"496",2021,10,24,"venezuela",3976
"497",2021,10,24,"méxico",3342
"498",2021,10,24,"brasil",1901
"499",2021,10,24,"cuba",1698
"500",2021,10,24,"españa",1568
"501",2021,10,29,"méxico",6318
"502",2021,10,29,"eeuu",3428
"503",2021,10,29,"venezuela",3279
"504",2021,10,29,"españa",2924
"505",2021,10,29,"cuba",2900
"506",2021,10,30,"méxico",5472
"507",2021,10,30,"españa",3593
"508",2021,10,30,"venezuela",2240
"509",2021,10,30,"cuba",2143
"510",2021,10,30,"eeuu",1729
"511",2021,11,1,"méxico",4406
"512",2021,11,1,"venezuela",4372
"513",2021,11,1,"argentina",3308
"514",2021,11,1,"cuba",2285
"515",2021,11,1,"europa",2268
"516",2021,11,2,"méxico",2794
"517",2021,11,2,"venezuela",2442
"518",2021,11,2,"argentina",1782
"519",2021,11,2,"cuba",1513
"520",2021,11,2,"españa",1267
"521",2021,11,3,"méxico",3266
"522",2021,11,3,"china",2589
"523",2021,11,3,"venezuela",2501
"524",2021,11,3,"estados unidos",1892
"525",2021,11,3,"colombia",1563
"526",2021,11,4,"reino unido",9387
"527",2021,11,4,"europa",4684
"528",2021,11,4,"españa",2792
"529",2021,11,4,"méxico",2740
"530",2021,11,4,"alemania",2611
"531",2021,11,5,"méxico",4846
"532",2021,11,5,"europa",4260
"533",2021,11,5,"reino unido",2710
"534",2021,11,5,"venezuela",2267
"535",2021,11,5,"alemania",2093
"536",2021,11,6,"europa",3406
"537",2021,11,6,"cuba",1831
"538",2021,11,6,"méxico",1801
"539",2021,11,6,"venezuela",1755
"540",2021,11,6,"providencia",1305
"541",2021,11,7,"venezuela",2668
"542",2021,11,7,"cuba",2385
"543",2021,11,7,"méxico",1925
"544",2021,11,7,"europa",1604
"545",2021,11,7,"españa",1445
"546",2021,11,8,"venezuela",4285
"547",2021,11,8,"méxico",4126
"548",2021,11,8,"cuba",3783
"549",2021,11,8,"europa",1973
"550",2021,11,8,"españa",1576
"551",2021,11,9,"méxico",7306
"552",2021,11,9,"venezuela",3129
"553",2021,11,9,"europa",2997
"554",2021,11,9,"cuba",2923
"555",2021,11,9,"murcia",2664
"556",2021,11,10,"méxico",5848
"557",2021,11,10,"madrid",5083
"558",2021,11,10,"españa",3703
"559",2021,11,10,"cuba",3565
"560",2021,11,10,"venezuela",2917
"561",2021,11,11,"alemania",4063
"562",2021,11,11,"españa",3432
"563",2021,11,11,"venezuela",2856
"564",2021,11,11,"méxico",2331
"565",2021,11,11,"chile",2228
"566",2021,11,13,"cuba",8214
"567",2021,11,13,"venezuela",3829
"568",2021,11,13,"europa",3704
"569",2021,11,13,"españa",2810
"570",2021,11,13,"alemania",2727
"571",2021,11,14,"cuba",9562
"572",2021,11,14,"venezuela",3157
"573",2021,11,14,"españa",2558
"574",2021,11,14,"europa",2426
"575",2021,11,14,"austria",2110
"576",2021,11,15,"cuba",7641
"577",2021,11,15,"venezuela",4986
"578",2021,11,15,"españa",2481
"579",2021,11,15,"austria",2346
"580",2021,11,15,"méxico",1879
"581",2021,11,16,"europa",3498
"582",2021,11,16,"cuba",3045
"583",2021,11,16,"méxico",2796
"584",2021,11,16,"venezuela",2676
"585",2021,11,16,"españa",2324
"586",2021,11,17,"méxico",3804
"587",2021,11,17,"europa",3457
"588",2021,11,17,"venezuela",2551
"589",2021,11,17,"wuhan",2268
"590",2021,11,17,"españa",2234
"591",2021,11,18,"méxico",4872
"592",2021,11,18,"alemania",4408
"593",2021,11,18,"españa",3101
"594",2021,11,18,"europa",2593
"595",2021,11,18,"wuhan",2591
"596",2021,11,19,"austria",8849
"597",2021,11,19,"europa",5212
"598",2021,11,19,"alemania",4194
"599",2021,11,19,"españa",3799
"600",2021,11,19,"méxico",3223
"601",2021,11,20,"europa",3725
"602",2021,11,20,"méxico",3336
"603",2021,11,20,"españa",2736
"604",2021,11,20,"austria",2715
"605",2021,11,20,"rotterdam",2617
"606",2021,11,21,"españa",4307
"607",2021,11,21,"europa",3817
"608",2021,11,21,"méxico",3287
"609",2021,11,21,"venezuela",2919
"610",2021,11,21,"alemania",1754
"611",2021,11,22,"europa",6497
"612",2021,11,22,"la corona",4590
"613",2021,11,22,"cuba",3971
"614",2021,11,22,"alemania",3875
"615",2021,11,22,"méxico",3513
"616",2021,11,23,"europa",7864
"617",2021,11,23,"españa",5918
"618",2021,11,23,"méxico",4989
"619",2021,11,23,"alemania",4097
"620",2021,11,23,"roma",3115
"621",2021,11,24,"españa",7993
"622",2021,11,24,"europa",5447
"623",2021,11,24,"méxico",4360
"624",2021,11,24,"alemania",2636
"625",2021,11,24,"venezuela",2220
"626",2021,11,25,"venezuela",15280
"627",2021,11,25,"españa",6615
"628",2021,11,25,"sudáfrica",6454
"629",2021,11,25,"méxico",5203
"630",2021,11,25,"cuba",5017
"631",2021,11,26,"sudáfrica",25958
"632",2021,11,26,"áfrica",12205
"633",2021,11,26,"coronavirus",9219
"634",2021,11,26,"europa",7557
"635",2021,11,26,"venezuela",6183
"636",2021,11,27,"sudáfrica",15110
"637",2021,11,27,"áfrica",9009
"638",2021,11,27,"europa",5639
"639",2021,11,27,"coronavirus",4498
"640",2021,11,27,"méxico",4170
"641",2021,11,28,"sudáfrica",8589
"642",2021,11,28,"coronavirus",5428
"643",2021,11,28,"méxico",4384
"644",2021,11,28,"europa",4307
"645",2021,11,28,"áfrica",3595
"646",2021,11,29,"áfrica",9431
"647",2021,11,29,"sudáfrica",7686
"648",2021,11,29,"corea",7414
"649",2021,11,29,"méxico",5402
"650",2021,11,29,"españa",5396
"651",2021,11,30,"españa",6361
"652",2021,11,30,"sudáfrica",5813
"653",2021,11,30,"méxico",5255
"654",2021,11,30,"áfrica",5030
"655",2021,11,30,"venezuela",3074
"656",2021,12,1,"españa",4084
"657",2021,12,1,"méxico",4001
"658",2021,12,1,"sudáfrica",3490
"659",2021,12,1,"brasil",3041
"660",2021,12,1,"perú",3017
"661",2021,12,2,"méxico",7887
"662",2021,12,2,"españa",5184
"663",2021,12,2,"sudáfrica",3130
"664",2021,12,2,"austria",2660
"665",2021,12,2,"italia",2598
"666",2021,12,3,"méxico",10753
"667",2021,12,3,"españa",6122
"668",2021,12,3,"cuba",4383
"669",2021,12,3,"sudáfrica",3570
"670",2021,12,3,"coronavirus",3486
"671",2021,12,4,"méxico",5530
"672",2021,12,4,"chile",5453
"673",2021,12,4,"españa",3745
"674",2021,12,4,"sudáfrica",2124
"675",2021,12,4,"venezuela",1972
"676",2021,12,5,"españa",3308
"677",2021,12,5,"méxico",3193
"678",2021,12,5,"covid",3018
"679",2021,12,5,"europa",2763
"680",2021,12,5,"sudáfrica",2583
"681",2021,12,6,"argentina",9322
"682",2021,12,6,"españa",4512
"683",2021,12,6,"méxico",3432
"684",2021,12,6,"sudáfrica",2984
"685",2021,12,6,"cuba",2813
"686",2021,12,7,"españa",3432
"687",2021,12,7,"méxico",3173
"688",2021,12,7,"jalisco",2023
"689",2021,12,7,"argentina",1755
"690",2021,12,7,"cuba",1420
"691",2021,12,8,"méxico",4212
"692",2021,12,8,"españa",3694
"693",2021,12,8,"valencia",2535
"694",2021,12,8,"cuba",1815
"695",2021,12,8,"venezuela",1588
"696",2021,12,9,"cuba",5015
"697",2021,12,9,"españa",4394
"698",2021,12,9,"méxico",3683
"699",2021,12,9,"wi",1849
"700",2021,12,9,"venezuela",1643
"701",2021,12,10,"españa",4847
"702",2021,12,10,"cuba",4107
"703",2021,12,10,"méxico",2716
"704",2021,12,10,"venezuela",2428
"705",2021,12,10,"galicia",2315
"706",2021,12,11,"aragón",2846
"707",2021,12,11,"cuba",2636
"708",2021,12,11,"españa",2634
"709",2021,12,11,"vaticano",2551
"710",2021,12,11,"madrid",2169
"711",2021,12,12,"españa",4283
"712",2021,12,12,"venezuela",2668
"713",2021,12,12,"cuba",1694
"714",2021,12,12,"madrid",1562
"715",2021,12,12,"reino unido",1474
"716",2021,12,13,"españa",4263
"717",2021,12,13,"reino unido",4235
"718",2021,12,13,"venezuela",3774
"719",2021,12,13,"hollywood",2211
"720",2021,12,13,"e",2188
"721",2021,12,14,"españa",3994
"722",2021,12,14,"cuba",3475
"723",2021,12,14,"venezuela",3098
"724",2021,12,14,"chile",3072
"725",2021,12,14,"méxico",2726
"726",2021,12,15,"cuba",5032
"727",2021,12,15,"españa",3614
"728",2021,12,15,"méxico",3299
"729",2021,12,15,"ecuador",3045
"730",2021,12,15,"venezuela",2197
"731",2021,12,16,"méxico",6328
"732",2021,12,16,"españa",4334
"733",2021,12,16,"cuba",3441
"734",2021,12,16,"argentina",2608
"735",2021,12,16,"madrid",2562
"736",2021,12,17,"españa",5857
"737",2021,12,17,"méxico",4592
"738",2021,12,17,"comunidad de madrid",4209
"739",2021,12,17,"madrid",3939
"740",2021,12,17,"venezuela",2623
"741",2021,12,18,"españa",5869
"742",2021,12,18,"madrid",4346
"743",2021,12,18,"coronavirus",2926
"744",2021,12,18,"méxico",1940
"745",2021,12,18,"reino unido",1628
"746",2021,12,19,"españa",5654
"747",2021,12,19,"coronavirus",3503
"748",2021,12,19,"madrid",3007
"749",2021,12,19,"holanda",1954
"750",2021,12,19,"méxico",1870
"751",2021,12,20,"españa",6592
"752",2021,12,20,"andalucía",2955
"753",2021,12,20,"abu dhabi",2659
"754",2021,12,20,"méxico",2613
"755",2021,12,20,"coronavirus",2167
"756",2021,12,21,"españa",10486
"757",2021,12,21,"madrid",6252
"758",2021,12,21,"méxico",5019
"759",2021,12,21,"coronavirus",4499
"760",2021,12,21,"cataluña",3166
"761",2021,12,22,"ucri",17546
"762",2021,12,22,"españa",8720
"763",2021,12,22,"eeuu",4137
"764",2021,12,22,"méxico",3933
"765",2021,12,22,"madrid",3774
"766",2021,12,23,"venezuela",7778
"767",2021,12,23,"españa",7604
"768",2021,12,23,"ecuador",3266
"769",2021,12,23,"eeuu",3145
"770",2021,12,23,"córdoba",3030
"771",2021,12,24,"españa",6839
"772",2021,12,24,"suga",5103
"773",2021,12,24,"méxico",4537
"774",2021,12,24,"ecuador",3588
"775",2021,12,24,"covid",3076
"776",2021,12,25,"españa",3809
"777",2021,12,25,"méxico",2910
"778",2021,12,25,"la paz",1978
"779",2021,12,25,"venezuela",1900
"780",2021,12,25,"francia",1885
"781",2021,12,26,"españa",3684
"782",2021,12,26,"francia",2741
"783",2021,12,26,"venezuela",2613
"784",2021,12,26,"argentina",2069
"785",2021,12,26,"eeuu",1909
"786",2021,12,27,"españa",6431
"787",2021,12,27,"méxico",3190
"788",2021,12,27,"venezuela",2985
"789",2021,12,27,"cuba",2349
"790",2021,12,27,"madrid",2063
"791",2021,12,28,"españa",5647
"792",2021,12,28,"argentina",5291
"793",2021,12,28,"venezuela",3616
"794",2021,12,28,"méxico",3117
"795",2021,12,28,"eeuu",2336
"796",2021,12,30,"españa",5873
"797",2021,12,30,"méxico",5594
"798",2021,12,30,"cuba",3503
"799",2021,12,30,"argentina",3255
"800",2021,12,30,"melilla",2582
"801",2021,12,31,"españa",5334
"802",2021,12,31,"méxico",5177
"803",2021,12,31,"áfrica",2647
"804",2021,12,31,"luján",2475
"805",2021,12,31,"cuba",2141
"806",2022,1,1,"cuba",5217
"807",2022,1,1,"españa",3988
"808",2022,1,1,"méxico",3227
"809",2022,1,1,"israel",3218
"810",2022,1,1,"argentina",1865
"811",2022,1,2,"israel",7015
"812",2022,1,2,"italia",5252
"813",2022,1,2,"españa",4444
"814",2022,1,2,"venezuela",3549
"815",2022,1,2,"méxico",2803
"816",2022,1,3,"méxico",8373
"817",2022,1,3,"venezuela",7323
"818",2022,1,3,"españa",5764
"819",2022,1,3,"israel",3974
"820",2022,1,3,"cataluña",2705
"821",2022,1,4,"méxico",9692
"822",2022,1,4,"francia",6419
"823",2022,1,4,"españa",4935
"824",2022,1,4,"venezuela",4923
"825",2022,1,4,"eeuu",4429
"826",2022,1,5,"méxico",11726
"827",2022,1,5,"argentina",7387
"828",2022,1,5,"francia",5175
"829",2022,1,5,"venezuela",4283
"830",2022,1,5,"eeuu",3727
"831",2022,1,6,"boludo",12294
"832",2022,1,6,"méxico",10903
"833",2022,1,6,"australia",7167
"834",2022,1,6,"argentina",6715
"835",2022,1,6,"españa",3009
"836",2022,1,7,"méxico",7570
"837",2022,1,7,"australia",4834
"838",2022,1,7,"españa",3992
"839",2022,1,7,"argentina",3184
"840",2022,1,7,"cdmx",2072
"841",2022,1,8,"méxico",12839
"842",2022,1,8,"argentina",5493
"843",2022,1,8,"españa",4367
"844",2022,1,8,"chipre",3360
"845",2022,1,8,"coronavirus",3145
"846",2022,1,9,"méxico",16051
"847",2022,1,9,"españa",6069
"848",2022,1,9,"chipre",4257
"849",2022,1,9,"argentina",3059
"850",2022,1,9,"madrid",2699
"851",2022,1,10,"méxico",9073
"852",2022,1,10,"españa",4385
"853",2022,1,10,"venezuela",3746
"854",2022,1,10,"chile",3226
"855",2022,1,10,"argentina",2729
"856",2022,1,11,"méxico",10131
"857",2022,1,11,"españa",4004
"858",2022,1,11,"venezuela",3373
"859",2022,1,11,"argentina",2375
"860",2022,1,11,"cuba",2068
"861",2022,1,12,"méxico",12100
"862",2022,1,12,"covid",9328
"863",2022,1,12,"españa",3476
"864",2022,1,12,"cdmx",3151
"865",2022,1,12,"cuba",3017
"866",2022,1,13,"méxico",13400
"867",2022,1,13,"españa",4055
"868",2022,1,13,"cuba",3577
"869",2022,1,13,"venezuela",3249
"870",2022,1,13,"cdmx",3055
"871",2022,1,14,"méxico",9178
"872",2022,1,14,"españa",3403
"873",2022,1,14,"wtc",3362
"874",2022,1,14,"eeuu",2787
"875",2022,1,14,"venezuela",2679
"876",2022,1,15,"genovia",26235
"877",2022,1,15,"méxico",10737
"878",2022,1,15,"madrid",3661
"879",2022,1,15,"cuba",3252
"880",2022,1,15,"españa",3010
"881",2022,1,16,"méxico",8665
"882",2022,1,16,"venezuela",5019
"883",2022,1,16,"españa",4055
"884",2022,1,16,"genovia",3780
"885",2022,1,16,"australia",3750
"886",2022,1,17,"argentina",6041
"887",2022,1,17,"méxico",5821
"888",2022,1,17,"venezuela",4394
"889",2022,1,17,"españa",4256
"890",2022,1,17,"brasil",3373
"891",2022,1,18,"méxico",9901
"892",2022,1,18,"madrid",6318
"893",2022,1,18,"argentina",4742
"894",2022,1,18,"españa",4350
"895",2022,1,18,"brasil",3497
"896",2022,1,19,"méxico",10261
"897",2022,1,19,"venezuela",7468
"898",2022,1,19,"españa",4531
"899",2022,1,19,"inglaterra",3259
"900",2022,1,19,"argentina",3064
"901",2022,1,20,"méxico",9257
"902",2022,1,20,"venezuela",4591
"903",2022,1,20,"españa",4417
"904",2022,1,20,"madrid",2432
"905",2022,1,20,"eeuu",2409
"906",2022,1,21,"méxico",6531
"907",2022,1,21,"españa",4881
"908",2022,1,21,"eeuu",3026
"909",2022,1,21,"venezuela",2757
"910",2022,1,21,"🇲🇽",2296
"911",2022,1,25,"cuba",5725
"912",2022,1,25,"méxico",5166
"913",2022,1,25,"españa",3744
"914",2022,1,25,"venezuela",2352
"915",2022,1,25,"argentina",2021
"916",2022,1,28,"méxico",6016
"917",2022,1,28,"europa",5319
"918",2022,1,28,"venezuela",4033
"919",2022,1,28,"españa",3789
"920",2022,1,28,"suecia",2823
"921",2022,1,30,"méxico",6022
"922",2022,1,30,"canadá",3869
"923",2022,1,30,"españa",2783
"924",2022,1,30,"lima",2346
"925",2022,1,30,"india",2313
"926",2022,1,31,"méxico",5803
"927",2022,1,31,"canadá",4418
"928",2022,1,31,"españa",3905
"929",2022,1,31,"venezuela",3808
"930",2022,1,31,"eeuu",2850
"931",2022,2,1,"méxico",6859
"932",2022,2,1,"españa",4920
"933",2022,2,1,"canadá",3253
"934",2022,2,1,"venezuela",2911
"935",2022,2,1,"cuba",2176
"936",2022,2,2,"méxico",9831
"937",2022,2,2,"españa",5415
"938",2022,2,2,"cuba",3323
"939",2022,2,2,"venezuela",2379
"940",2022,2,2,"dinamarca",1766
"941",2022,2,3,"méxico",4796
"942",2022,2,3,"españa",2778
"943",2022,2,3,"venezuela",2626
"944",2022,2,3,"cuba",2406
"945",2022,2,3,"chile",1991
"946",2022,2,6,"méxico",3588
"947",2022,2,6,"españa",2073
"948",2022,2,6,"venezuela",1888
"949",2022,2,6,"cdmx",1130
"950",2022,2,6,"cuba",1043
"951",2022,2,7,"méxico",2932
"952",2022,2,7,"cdmx",2764
"953",2022,2,7,"españa",2546
"954",2022,2,7,"venezuela",2136
"955",2022,2,7,"chile",2058
"956",2022,2,8,"méxico",6269
"957",2022,2,8,"cdmx",3419
"958",2022,2,8,"cuba",2945
"959",2022,2,8,"españa",2603
"960",2022,2,8,"sur",2052
"961",2022,2,10,"méxico",4142
"962",2022,2,10,"españa",2720
"963",2022,2,10,"cuba",2124
"964",2022,2,10,"venezuela",1636
"965",2022,2,10,"chile",1572
"966",2022,2,11,"méxico",8154
"967",2022,2,11,"españa",3019
"968",2022,2,11,"venezuela",1633
"969",2022,2,11,"peru",1497
"970",2022,2,11,"cuba",1468
"971",2022,2,12,"madrid",6327
"972",2022,2,12,"hospital carlos iii",5963
"973",2022,2,12,"méxico",2617
"974",2022,2,12,"españa",2601
"975",2022,2,12,"venezuela",1754
"976",2022,2,13,"méxico",2822
"977",2022,2,13,"madrid",2143
"978",2022,2,13,"cuba",2117
"979",2022,2,13,"españa",1934
"980",2022,2,13,"hospital carlos iii",1862
"981",2022,2,14,"españa",4211
"982",2022,2,14,"cuba",2179
"983",2022,2,14,"méxico",1996
"984",2022,2,14,"dinamarca",1971
"985",2022,2,14,"venezuela",1604
"986",2022,2,15,"españa",3749
"987",2022,2,15,"méxico",3236
"988",2022,2,15,"cuba",2475
"989",2022,2,15,"europa",1973
"990",2022,2,15,"venezuela",1840
"991",2022,2,16,"españa",3674
"992",2022,2,16,"méxico",2626
"993",2022,2,16,"venezuela",2492
"994",2022,2,16,"europa",2093
"995",2022,2,16,"cuba",1940
"996",2022,2,17,"génova",7264
"997",2022,2,17,"españa",3565
"998",2022,2,17,"méxico",2887
"999",2022,2,17,"venezuela",1918
"1000",2022,2,17,"chile",1537
"1001",2022,2,18,"méxico",3118
"1002",2022,2,18,"españa",2622
"1003",2022,2,18,"áfrica",1866
"1004",2022,2,18,"venezuela",1537
"1005",2022,2,18,"europa",1461
"1006",2022,2,19,"méxico",3028
"1007",2022,2,19,"españa",2307
"1008",2022,2,19,"ciudad de méxico",1651
"1009",2022,2,19,"venezuela",1463
"1010",2022,2,19,"cuba",1364
"1011",2022,2,20,"méxico",3803
"1012",2022,2,20,"porto alegre",2509
"1013",2022,2,20,"mirtha",2493
"1014",2022,2,20,"cuba",2347
"1015",2022,2,20,"parís",2019
"1016",2022,2,22,"méxico",2693
"1017",2022,2,22,"galicia",2590
"1018",2022,2,22,"coronavirus",2393
"1019",2022,2,22,"españa",2285
"1020",2022,2,22,"cuba",2233
"1021",2022,2,23,"españa",4151
"1022",2022,2,23,"méxico",3816
"1023",2022,2,23,"venezuela",3231
"1024",2022,2,23,"galicia",3013
"1025",2022,2,23,"el salvador",187
"1026",2022,5,10,"méxico",2601
"1027",2022,5,10,"venezuela",1732
"1028",2022,5,10,"españa",1648
"1029",2022,5,10,"cuba",1285
"1030",2022,5,10,"china",1036
"1031",2022,5,11,"españa",2464
"1032",2022,5,11,"venezuela",2007
"1033",2022,5,11,"china",1026
"1034",2022,5,11,"méxico",975
"1035",2022,5,11,"chile",862
"1036",2022,5,12,"corea del norte",5431
"1037",2022,5,12,"venezuela",2873
"1038",2022,5,12,"🇰🇵",2008
"1039",2022,5,12,"españa",1524
"1040",2022,5,12,"méxico",1486
"1041",2022,5,16,"corea del norte",3254
"1042",2022,5,16,"venezuela",2500
"1043",2022,5,16,"méxico",2237
"1044",2022,5,16,"españa",1662
"1045",2022,5,16,"reino unido",1351
"1046",2022,5,17,"méxico",4378
"1047",2022,5,17,"españa",2079
"1048",2022,5,17,"venezuela",1785
"1049",2022,5,17,"chile",1520
"1050",2022,5,17,"argentina",1205
"1051",2022,5,18,"veracruz",3989
"1052",2022,5,18,"españa",2060
"1053",2022,5,18,"méxico",2039
"1054",2022,5,18,"ri",1576
"1055",2022,5,18,"cuba",1520
"1056",2022,5,20,"singapur",2267
"1057",2022,5,20,"españa",2197
"1058",2022,5,20,"venezuela",1253
"1059",2022,5,20,"ultimahora",1015
"1060",2022,5,20,"china",1004
"1061",2022,5,21,"españa",1837
"1062",2022,5,21,"méxico",1265
"1063",2022,5,21,"venezuela",1179
"1064",2022,5,21,"cuba",1121
"1065",2022,5,21,"corea del norte",702
"1066",2022,5,22,"cuba",4039
"1067",2022,5,22,"venezuela",2361
"1068",2022,5,22,"españa",2346
"1069",2022,5,22,"salobreña",2182
"1070",2022,5,22,"suiza",2156
"1071",2022,5,23,"cuba",10697
"1072",2022,5,23,"españa",2608
"1073",2022,5,23,"venezuela",2298
"1074",2022,5,23,"suiza",1615
"1075",2022,5,23,"ginebra",1563
"1076",2022,5,24,"españa",5034
"1077",2022,5,24,"cuba",4197
"1078",2022,5,24,"méxico",2813
"1079",2022,5,24,"veracruz",2714
"1080",2022,5,24,"sinaloa",2702
"1081",2022,5,25,"cuba",4688
"1082",2022,5,25,"españa",2735
"1083",2022,5,25,"venezuela",1930
"1084",2022,5,25,"méxico",1280
"1085",2022,5,25,"ucrania",820
"1086",2022,5,26,"españa",2385
"1087",2022,5,26,"cuba",2033
"1088",2022,5,26,"venezuela",1922
"1089",2022,5,26,"ezeiza",1054
"1090",2022,5,26,"méxico",740
"1091",2022,5,27,"españa",2818
"1092",2022,5,27,"venezuela",1715
"1093",2022,5,27,"chile",1193
"1094",2022,5,27,"cuba",1188
"1095",2022,5,27,"méxico",848
"1096",2022,5,29,"andalucía",3244
"1097",2022,5,29,"ucrania",2373
"1098",2022,5,29,"venezuela",1894
"1099",2022,5,29,"españa",1417
"1100",2022,5,29,"méxico",805
"1101",2022,5,30,"venezuela",2272
"1102",2022,5,30,"españa",1604
"1103",2022,5,30,"ucrania",1430
"1104",2022,5,30,"cuba",1315
"1105",2022,5,30,"hospital de jerez",1094
"1106",2022,6,1,"venezuela",3897
"1107",2022,6,1,"cuba",3891
"1108",2022,6,1,"madrid",2112
"1109",2022,6,1,"españa",1414
"1110",2022,6,1,"méxico",896
"1111",2022,6,2,"venezuela",2289
"1112",2022,6,2,"españa",1879
"1113",2022,6,2,"cuba",1370
"1114",2022,6,2,"eeuu",1024
"1115",2022,6,2,"méxico",1010
"1116",2022,6,3,"venezuela",2104
"1117",2022,6,3,"españa",1780
"1118",2022,6,3,"cuba",945
"1119",2022,6,3,"méxico",858
"1120",2022,6,3,"c-la mancha",586
"1121",2022,6,4,"venezuela",1672
"1122",2022,6,4,"españa",1360
"1123",2022,6,4,"colombia",784
"1124",2022,6,4,"cuba",666
"1125",2022,6,4,"c-la mancha",625
"1126",2022,6,5,"venezuela",2957
"1127",2022,6,5,"españa",1308
"1128",2022,6,5,"cuba",831
"1129",2022,6,5,"c-la mancha",690
"1130",2022,6,5,"méxico",690
"1131",2022,6,6,"venezuela",2680
"1132",2022,6,6,"españa",1232
"1133",2022,6,6,"méxico",1027
"1134",2022,6,6,"eeuu",816
"1135",2022,6,6,"canal de catalina",741
"1136",2022,6,7,"méxico",8671
"1137",2022,6,7,"chile",1424
"1138",2022,6,7,"españa",1313
"1139",2022,6,7,"venezuela",1130
"1140",2022,6,7,"eeuu",1066
"1141",2022,6,8,"andalucía",3923
"1142",2022,6,8,"méxico",3840
"1143",2022,6,8,"venezuela",1805
"1144",2022,6,8,"españa",1363
"1145",2022,6,8,"chile",1016
"1146",2022,6,9,"méxico",5691
"1147",2022,6,9,"andalucía",2045
"1148",2022,6,9,"españa",1614
"1149",2022,6,9,"venezuela",1336
"1150",2022,6,9,"canadá",1285
"1151",2022,6,10,"corona",2973
"1152",2022,6,10,"méxico",2686
"1153",2022,6,10,"venezuela",1624
"1154",2022,6,10,"españa",1498
"1155",2022,6,10,"corona capital",1197
"1156",2022,6,11,"bolivia",2317
"1157",2022,6,11,"méxico",1869
"1158",2022,6,11,"españa",1722
"1159",2022,6,11,"venezuela",1302
"1160",2022,6,11,"cdmx",805
"1161",2022,6,12,"bolivia",2702
"1162",2022,6,12,"venezuela",2148
"1163",2022,6,12,"méxico",1787
"1164",2022,6,12,"españa",1422
"1165",2022,6,12,"nueva york",1057
"1166",2022,6,14,"méxico",2007
"1167",2022,6,14,"españa",1464
"1168",2022,6,14,"venezuela",1362
"1169",2022,6,14,"cuba",1251
"1170",2022,6,14,"china",1178
"1171",2022,6,15,"méxico",2120
"1172",2022,6,15,"china",1952
"1173",2022,6,15,"venezuela",1839
"1174",2022,6,15,"españa",1508
"1175",2022,6,15,"cuba",1394
"1176",2022,6,16,"méxico",2649
"1177",2022,6,16,"cuba",2271
"1178",2022,6,16,"ucrania",2137
"1179",2022,6,16,"hospital de cardiología",1458
"1180",2022,6,16,"españa",1454
"1181",2022,6,17,"cdmx",2225
"1182",2022,6,17,"méxico",2106
"1183",2022,6,17,"ucrania",2089
"1184",2022,6,17,"venezuela",1615
"1185",2022,6,17,"españa",1598
"1186",2022,6,18,"méxico",2397
"1187",2022,6,18,"venezuela",1963
"1188",2022,6,18,"españa",1463
"1189",2022,6,18,"c-la mancha",651
"1190",2022,6,18,"eeuu",608
"1191",2022,6,20,"venezuela",1982
"1192",2022,6,20,"méxico",1782
"1193",2022,6,20,"españa",1669
"1194",2022,6,20,"colombia",1006
"1195",2022,6,20,"eeuu",832
"1196",2022,6,21,"delta amacuro",2495
"1197",2022,6,21,"harvard",2373
"1198",2022,6,21,"venezuela",1883
"1199",2022,6,21,"méxico",1754
"1200",2022,6,21,"españa",1550
"1201",2022,6,22,"méxico",3715
"1202",2022,6,22,"venezuela",2873
"1203",2022,6,22,"españa",1649
"1204",2022,6,22,"tachira",1136
"1205",2022,6,22,"cuba",1067
"1206",2022,6,23,"selva",3171
"1207",2022,6,23,"méxico",2320
"1208",2022,6,23,"venezuela",2091
"1209",2022,6,23,"españa",1369
"1210",2022,6,23,"puebla",1298
"1211",2022,6,25,"méxico",2113
"1212",2022,6,25,"españa",1775
"1213",2022,6,25,"venezuela",1603
"1214",2022,6,25,"lasso",772
"1215",2022,6,25,"c-la mancha",674
"1216",2022,6,26,"venezuela",2448
"1217",2022,6,26,"españa",1779
"1218",2022,6,26,"méxico",976
"1219",2022,6,26,"c-la mancha",696
"1220",2022,6,26,"perú",657
"1221",2022,6,27,"españa",2148
"1222",2022,6,27,"venezuela",2087
"1223",2022,6,27,"perú",1357
"1224",2022,6,27,"méxico",1150
"1225",2022,6,27,"peru",855
"1226",2022,6,28,"méxico",1
"1227",2022,6,28,"valles del tuy",1
"1228",2022,6,28,NA,0
"1229",2022,6,29,"puebla",7453
"1230",2022,6,29,"méxico",2282
"1231",2022,6,29,"venezuela",2081
"1232",2022,6,29,"españa",1764
"1233",2022,6,29,"francisco i madero",1102
"1234",2022,7,11,"dinamarca",2082
"1235",2022,7,11,"venezuela",1146
"1236",2022,7,11,"españa",620
"1237",2022,7,11,"méxico",608
"1238",2022,7,11,"china",442
"1239",2022,7,12,"españa",1618
"1240",2022,7,12,"venezuela",951
"1241",2022,7,12,"🇪🇸\u0001f9a0",891
"1242",2022,7,12,"méxico",444
"1243",2022,7,12,"dinamarca",353
"1244",2022,7,14,"venezuela",1056
"1245",2022,7,14,"españa",679
"1246",2022,7,14,"méxico",665
"1247",2022,7,14,"cuba",488
"1248",2022,7,14,"madrid",412
"1249",2022,7,15,"españa",1867
"1250",2022,7,15,"venezuela",1239
"1251",2022,7,15,"cuba",1028
"1252",2022,7,15,"méxico",740
"1253",2022,7,15,"suecia",510
"1254",2022,7,17,"méxico",1187
"1255",2022,7,17,"españa",1043
"1256",2022,7,17,"venezuela",1013
"1257",2022,7,17,"castilfrío",481
"1258",2022,7,17,"c-la mancha",306
"1259",2022,7,18,"ucrania",1762
"1260",2022,7,18,"venezuela",965
"1261",2022,7,18,"españa",859
"1262",2022,7,18,"ghana",825
"1263",2022,7,18,"méxico",458
"1264",2022,7,20,"venezuela",1104
"1265",2022,7,20,"ucrania",658
"1266",2022,7,20,"cuba",582
"1267",2022,7,20,"españa",550
"1268",2022,7,20,"europa",493
"1269",2022,7,21,"venezuela",1110
"1270",2022,7,21,"🇺🇸",714
"1271",2022,7,21,"coronavirus",680
"1272",2022,7,21,"españa",533
"1273",2022,7,21,"ucrania",407
"1274",2022,7,22,"venezuela",1715
"1275",2022,7,22,"marburg",774
"1276",2022,7,22,"españa",645
"1277",2022,7,22,"🇺🇸",394
"1278",2022,7,22,"luque",376
"1279",2022,7,24,"venezuela",1545
"1280",2022,7,24,"delta amacuro",692
"1281",2022,7,24,"españa",464
"1282",2022,7,24,"méxico",359
"1283",2022,7,24,"c-la mancha",302
"1284",2022,7,26,"venezuela",1131
"1285",2022,7,26,"delta amacuro",1036
"1286",2022,7,26,"curiapo",734
"1287",2022,7,26,"españa",641
"1288",2022,7,26,"méxico",468
"1289",2022,7,27,"venezuela",1230
"1290",2022,7,27,"wuhan",673
"1291",2022,7,27,"méxico",631
"1292",2022,7,27,"españa",560
"1293",2022,7,27,"santa marta",348
"1294",2022,7,28,"españa",1670
"1295",2022,7,28,"cdmx",1305
"1296",2022,7,28,"venezuela",945
"1297",2022,7,28,"reino unido",728
"1298",2022,7,28,"méxico",644
"1299",2022,7,30,"venezuela",1081
"1300",2022,7,30,"españa",640
"1301",2022,7,30,"🇺🇸",331
"1302",2022,7,30,"coronavirus",293
"1303",2022,7,30,"devuelvaneloroya",277
"1304",2022,7,31,"venezuela",932
"1305",2022,7,31,"santa fe",801
"1306",2022,7,31,"haití",684
"1307",2022,7,31,"chile",643
"1308",2022,7,31,"españa",593
"1309",2022,8,2,"españa",1458
"1310",2022,8,2,"venezuela",997
"1311",2022,8,2,"méxico",481
"1312",2022,8,2,"cuba",296
"1313",2022,8,2,"c-la mancha",284
"1314",2022,8,3,"venezuela",1128
"1315",2022,8,3,"españa",764
"1316",2022,8,3,"cuba",547
"1317",2022,8,3,"maipú",449
"1318",2022,8,3,"chile",447
"1319",2022,8,7,"🇻🇪",1033
"1320",2022,8,7,"venezuela",966
"1321",2022,8,7,"españa",854
"1322",2022,8,7,"méxico",526
"1323",2022,8,7,"portuguesa",481
"1324",2022,8,10,"china",4913
"1325",2022,8,10,"españa",1329
"1326",2022,8,10,"venezuela",948
"1327",2022,8,10,"🇦🇺",747
"1328",2022,8,10,"ucrania",626
"1329",2022,8,15,"venezuela",1179
"1330",2022,8,15,"españa",787
"1331",2022,8,15,"reino unido",538
"1332",2022,8,15,"delta amacuro",425
"1333",2022,8,15,"c-la mancha",406
"1334",2022,8,18,"venezuela",1103
"1335",2022,8,18,"españa",800
"1336",2022,8,18,"delta amacuro",508
"1337",2022,8,18,"santa fe",469
"1338",2022,8,18,"villa constitución",462
"1339",2022,8,20,"delta",2985
"1340",2022,8,20,"delta amacuro",1774
"1341",2022,8,20,"españa",873
"1342",2022,8,20,"manamo",861
"1343",2022,8,20,"delta del paraná",806
"1344",2022,8,21,"delta",2618
"1345",2022,8,21,"venezuela",1222
"1346",2022,8,21,"españa",691
"1347",2022,8,21,"delta amacuro",635
"1348",2022,8,21,"areco",571
"1349",2022,8,22,"🇻🇪",3621
"1350",2022,8,22,"venezuela",2286
"1351",2022,8,22,"delta",1093
"1352",2022,8,22,"//",1044
"1353",2022,8,22,"sucre",622
"1354",2022,8,24,"venezuela",2368
"1355",2022,8,24,"españa",1130
"1356",2022,8,24,"delta amacuro",702
"1357",2022,8,24,"c-la mancha",618
"1358",2022,8,24,"italia",499
"1359",2022,8,25,"venezuela",1908
"1360",2022,8,25,"españa",1534
"1361",2022,8,25,"islas del delta",719
"1362",2022,8,25,"gualeguay",718
"1363",2022,8,25,"c-la mancha",643
"1364",2022,8,26,"venezuela",1917
"1365",2022,8,26,"españa",1324
"1366",2022,8,26,"islas del delta",977
"1367",2022,8,26,"gualeguay",971
"1368",2022,8,26,"c-la mancha",642
"1369",2022,8,27,"españa",2684
"1370",2022,8,27,"venezuela",1813
"1371",2022,8,27,"delta amacuro",821
"1372",2022,8,27,"c-la mancha",629
"1373",2022,8,27,"delta del orinoco",604
"1374",2022,9,1,"españa",2396
"1375",2022,9,1,"venezuela",1804
"1376",2022,9,1,"china",1389
"1377",2022,9,1,"tucumán",1110
"1378",2022,9,1,"delta amacuro",1097
"1379",2022,9,3,"venezuela",2095
"1380",2022,9,3,"argentina",1541
"1381",2022,9,3,"españa",1481
"1382",2022,9,3,"eeuu",1081
"1383",2022,9,3,"c-la mancha",801
"1384",2022,9,4,"venezuela",2953
"1385",2022,9,4,"españa",1790
"1386",2022,9,4,"fachada atlántica",1093
"1387",2022,9,4,"méxico",962
"1388",2022,9,4,"c-la mancha",858
"1389",2022,9,5,"venezuela",2720
"1390",2022,9,5,"españa",1962
"1391",2022,9,5,"méxico",1563
"1392",2022,9,5,"china",1416
"1393",2022,9,5,"chile",834
"1394",2022,9,6,"nueva york",3679
"1395",2022,9,6,"venezuela",2752
"1396",2022,9,6,"méxico",1872
"1397",2022,9,6,"🇧🇷🇺🇸",1664
"1398",2022,9,6,"españa",1491
"1399",2022,9,8,"gibraltar",3280
"1400",2022,9,8,"reino unido",2556
"1401",2022,9,8,"venezuela",2502
"1402",2022,9,8,"españa",2036
"1403",2022,9,8,"philadelphia",1637
"1404",2022,9,9,"gibraltar",2734
"1405",2022,9,9,"españa",1842
"1406",2022,9,9,"madrid",1647
"1407",2022,9,9,"irlanda",1461
"1408",2022,9,9,"venezuela",1424
"1409",2022,9,10,"luján",2913
"1410",2022,9,10,"venezuela",2632
"1411",2022,9,10,"españa",1516
"1412",2022,9,10,"nueva york",1441
"1413",2022,9,10,"india",1235
"1414",2022,9,11,"venezuela",4803
"1415",2022,9,11,"luján",2489
"1416",2022,9,11,"españa",1810
"1417",2022,9,11,"comunidad de madrid",1174
"1418",2022,9,11,"chile",1146
"1419",2022,9,12,"venezuela",3030
"1420",2022,9,12,"españa",1991
"1421",2022,9,12,"oviedo",1423
"1422",2022,9,12,"méxico",1160
"1423",2022,9,12,"nueva zelanda",1067
"1424",2022,9,13,"venezuela",3561
"1425",2022,9,13,"méxico",2044
"1426",2022,9,13,"españa",1905
"1427",2022,9,13,"quebec",1214
"1428",2022,9,13,"🇨🇦",1210
"1429",2022,9,16,"venezuela",3308
"1430",2022,9,16,"españa",1506
"1431",2022,9,16,"méxico",769
"1432",2022,9,16,"delta",740
"1433",2022,9,16,"c-la mancha",701
"1434",2022,9,17,"venezuela",4084
"1435",2022,9,17,"españa",1690
"1436",2022,9,17,"madrid",1293
"1437",2022,9,17,"c-la mancha",748
"1438",2022,9,17,"eeuu",699
"1439",2022,9,21,"venezuela",3867
"1440",2022,9,21,"méxico",3482
"1441",2022,9,21,"venezuelaproductiva",1749
"1442",2022,9,21,"españa",1644
"1443",2022,9,21,"eeuu",1097
"1444",2022,9,22,"🇻🇪",11618
"1445",2022,9,22,"venezuela",3499
"1446",2022,9,22,"méxico",3013
"1447",2022,9,22,"eeuu",2046
"1448",2022,9,22,"//",1327
"1449",2022,9,23,"venezuela",4528
"1450",2022,9,23,"🇻🇪",4002
"1451",2022,9,23,"españa",1481
"1452",2022,9,23,"méxico",776
"1453",2022,9,23,"cuba",707
"1454",2022,9,28,"venezuela",3984
"1455",2022,9,28,"españa",1394
"1456",2022,9,28,"country",1101
"1457",2022,9,28,"colombia",1007
"1458",2022,9,28,"c-la mancha",719
"1459",2022,9,29,"venezuela",2498
"1460",2022,9,29,"españa",1344
"1461",2022,9,29,"colombia",1142
"1462",2022,9,29,"venezuelainexpugnable",739
"1463",2022,9,29,"méxico",707
"1464",2022,9,30,"venezuela",3145
"1465",2022,9,30,"españa",1187
"1466",2022,9,30,"cataluña",1047
"1467",2022,9,30,"méxico",722
"1468",2022,9,30,"c-la mancha",667
"1469",2022,10,2,"venezuela",2410
"1470",2022,10,2,"españa",1365
"1471",2022,10,2,"agios nikolaos",886
"1472",2022,10,2,"creta",886
"1473",2022,10,2,"cataluña",757
"1474",2022,10,4,"xishuangbanna",5647
"1475",2022,10,4,"🇨🇳",5423
"1476",2022,10,4,"venezuela",3531
"1477",2022,10,4,"cdmx",2345
"1478",2022,10,4,"yunnan",1967
"1479",2022,10,5,"xishuangbanna",2480
"1480",2022,10,5,"🇨🇳",2070
"1481",2022,10,5,"madrid",1601
"1482",2022,10,5,"venezuela",1572
"1483",2022,10,5,"españa",1565
"1484",2022,10,7,"venezuela",5585
"1485",2022,10,7,"españa",1484
"1486",2022,10,7,"chile",840
"1487",2022,10,7,"c-la mancha",787
"1488",2022,10,7,"madrid",761
"1489",2022,10,8,"venezuela",4459
"1490",2022,10,8,"delta amacuro",3111
"1491",2022,10,8,"anzoátegui",2548
"1492",2022,10,8,"bolívar",2526
"1493",2022,10,8,"españa",1480
"1494",2022,10,9,"venezuela",3628
"1495",2022,10,9,"españa",1601
"1496",2022,10,9,"delta amacuro",1582
"1497",2022,10,9,"c-la mancha",922
"1498",2022,10,9,"suiza",747
"1499",2022,10,10,"venezuela",2197
"1500",2022,10,10,"españa",1519
"1501",2022,10,10,"suiza",1406
"1502",2022,10,10,"c-la mancha",878
"1503",2022,10,10,"europa",663
"1504",2022,10,11,"españa",1864
"1505",2022,10,11,"venezuela",1766
"1506",2022,10,11,"méxico",1406
"1507",2022,10,11,"madrid",1302
"1508",2022,10,11,"delta amacuro",926
"1509",2022,10,12,"venezuela",3512
"1510",2022,10,12,"madrid",2967
"1511",2022,10,12,"españa",2677
"1512",2022,10,12,"🇪🇺",1420
"1513",2022,10,12,"méxico",949
"1514",2022,10,14,"venezuela",3163
"1515",2022,10,14,"alemania",1856
"1516",2022,10,14,"españa",1751
"1517",2022,10,14,"castilla y león",1340
"1518",2022,10,14,"c-la mancha",838
"1519",2022,10,15,"españa",1815
"1520",2022,10,15,"venezuela",1649
"1521",2022,10,15,"castilla y león",856
"1522",2022,10,15,"c-la mancha",756
"1523",2022,10,15,"cataluña",628
"1524",2022,10,18,"venezuela",3131
"1525",2022,10,18,"españa",1541
"1526",2022,10,18,"eeuu",1484
"1527",2022,10,18,"la p",975
"1528",2022,10,18,"c-la mancha",850
"1529",2022,10,19,"venezuela",2476
"1530",2022,10,19,"españa",1367
"1531",2022,10,19,"🇮🇹",950
"1532",2022,10,19,"c-la mancha",807
"1533",2022,10,19,"cataluña",597
"1534",2022,10,21,"venezuela",2492
"1535",2022,10,21,"españa",2259
"1536",2022,10,21,"c-la mancha",802
"1537",2022,10,21,"colombia",788
"1538",2022,10,21,"castilla y león",772
"1539",2022,10,22,"venezuela",2196
"1540",2022,10,22,"españa",1414
"1541",2022,10,22,"c-la mancha",770
"1542",2022,10,22,"cataluña",621
"1543",2022,10,22,"castilla y león",617
"1544",2022,10,25,"venezuela",1159
"1545",2022,10,25,"españa",796
"1546",2022,10,25,"c-la mancha",514
"1547",2022,10,25,"delta amacuro",487
"1548",2022,10,25,"cataluña",417
"1549",2022,10,26,"cuba",1381
"1550",2022,10,26,"venezuela",1363
"1551",2022,10,26,"delta amacuro",1004
"1552",2022,10,26,"españa",863
"1553",2022,10,26,"sucre",691
"1554",2022,10,27,"méxico",1450
"1555",2022,10,27,"perú",1289
"1556",2022,10,27,"españa",985
"1557",2022,10,27,"venezuela",943
"1558",2022,10,27,"🇵🇪",791
"1559",2022,10,28,"venezuela",1561
"1560",2022,10,28,"españa",716
"1561",2022,10,28,"dos bocas",545
"1562",2022,10,28,"santa lucía",545
"1563",2022,10,28,"zulia",517
