"","Year","Month","Day","Sentiment","Count","Avg_Per"
"1","2020",1,29,"negative",100304,0.826870642017121
"2","2020",1,29,"neutral",14862,0.122653648628298
"3","2020",1,29,"positive",5904,0.050475709354581
"4","2020",1,30,"negative",87525,0.808246041874389
"5","2020",1,30,"neutral",13103,0.129362489939246
"6","2020",1,30,"positive",6596,0.0623914681863646
"7","2020",1,31,"negative",119826,0.82787942293584
"8","2020",1,31,"neutral",18107,0.124342802166402
"9","2020",1,31,"positive",6956,0.0477777748977583
"10","2020",2,1,"negative",115715,0.811954739900379
"11","2020",2,1,"neutral",17764,0.130508156573012
"12","2020",2,1,"positive",7422,0.0575371035266093
"13","2020",2,2,"negative",125394,0.824177579833722
"14","2020",2,2,"neutral",17389,0.114953066085949
"15","2020",2,2,"positive",8685,0.0608693540803291
"16","2020",2,3,"negative",139415,0.831809382846301
"17","2020",2,3,"neutral",16704,0.0996162648692001
"18","2020",2,3,"positive",11148,0.0685743522844987
"19","2020",2,4,"negative",132327,0.803605491592624
"20","2020",2,4,"neutral",22964,0.129761880065921
"21","2020",2,4,"positive",10843,0.0666326283414549
"22","2020",2,5,"negative",109437,0.760284530050825
"23","2020",2,5,"neutral",25815,0.178670791925142
"24","2020",2,5,"positive",8473,0.0610446780240336
"25","2020",2,6,"negative",93092,0.753116105851087
"26","2020",2,6,"neutral",21550,0.179740863024277
"27","2020",2,6,"positive",8003,0.0671430311246363
"28","2020",2,7,"negative",79267,0.712677534122236
"29","2020",2,7,"neutral",23076,0.200122038704883
"30","2020",2,7,"positive",9289,0.0872004271728811
"31","2020",2,8,"negative",88156,0.765518161607004
"32","2020",2,8,"neutral",18975,0.160844396741448
"33","2020",2,8,"positive",9347,0.0736374416515478
"34","2020",2,9,"negative",84573,0.784561287605213
"35","2020",2,9,"neutral",14560,0.136399407168416
"36","2020",2,9,"positive",8533,0.0790393052263716
"37","2020",2,10,"negative",92804,0.795563268593276
"38","2020",2,10,"neutral",15884,0.133148785135621
"39","2020",2,10,"positive",8238,0.0712879462711025
"40","2020",2,11,"negative",120261,0.80098144387383
"41","2020",2,11,"neutral",16576,0.113281321040684
"42","2020",2,11,"positive",12810,0.0857372350854861
"43","2020",2,12,"negative",110658,0.793321710502528
"44","2020",2,12,"neutral",16586,0.120709612055733
"45","2020",2,12,"positive",11911,0.0859686774417397
"46","2020",2,13,"negative",119000,0.834701482635731
"47","2020",2,13,"neutral",14464,0.101649075155442
"48","2020",2,13,"positive",8883,0.0636494422088275
"49","2020",2,14,"negative",97305,0.820535530292532
"50","2020",2,14,"neutral",14903,0.126328512228338
"51","2020",2,14,"positive",6155,0.0531359574791306
"52","2020",2,15,"negative",66597,0.776798230951989
"53","2020",2,15,"neutral",11234,0.136581908745506
"54","2020",2,15,"positive",7006,0.0866198603025048
"55","2020",2,16,"negative",58008,0.759318071508922
"56","2020",2,16,"neutral",12114,0.158963919339318
"57","2020",2,16,"positive",6182,0.0817180091517598
"58","2020",2,17,"negative",69304,0.740602186557649
"59","2020",2,17,"neutral",15816,0.170667354719324
"60","2020",2,17,"positive",8262,0.0887304587230272
"61","2020",2,18,"negative",80697,0.797787701873795
"62","2020",2,18,"neutral",13541,0.138472432314268
"63","2020",2,18,"positive",6091,0.0637398658119374
"64","2020",2,19,"negative",75796,0.817009316542555
"65","2020",2,19,"neutral",11563,0.124094962433561
"66","2020",2,19,"positive",5186,0.0588957210238843
"67","2020",2,20,"negative",69958,0.778197288083693
"68","2020",2,20,"neutral",12290,0.138511175123973
"69","2020",2,20,"positive",7022,0.0832915367923337
"70","2020",2,21,"negative",71272,0.785276445058392
"71","2020",2,21,"neutral",15200,0.155173899627837
"72","2020",2,21,"positive",5530,0.0595496553137708
"73","2020",2,22,"negative",63219,0.801082189130075
"74","2020",2,22,"neutral",11001,0.140809050411593
"75","2020",2,22,"positive",4742,0.0581087604583324
"76","2020",2,23,"negative",14229,0.864039071817676
"77","2020",2,23,"neutral",1365,0.0847220962043098
"78","2020",2,23,"positive",855,0.0512388319780141
"79","2020",2,24,"negative",110400,0.829148609567703
"80","2020",2,24,"neutral",13867,0.108285140923091
"81","2020",2,24,"positive",7250,0.0625662495092054
"82","2020",2,25,"negative",180476,0.856447818950236
"83","2020",2,25,"neutral",21809,0.0991714354138539
"84","2020",2,25,"positive",10000,0.0443807456359104
"85","2020",2,26,"negative",219638,0.861692444347328
"86","2020",2,26,"neutral",23396,0.0920963505945303
"87","2020",2,26,"positive",11726,0.0462112050581416
"88","2020",2,27,"negative",140623,0.864549173164177
"89","2020",2,27,"neutral",14503,0.0889708996903446
"90","2020",2,27,"positive",7619,0.0464799271454781
"91","2020",2,28,"negative",145119,0.851221018160479
"92","2020",2,28,"neutral",18701,0.109246383555571
"93","2020",2,28,"positive",6627,0.0395325982839498
"94","2020",2,29,"negative",129243,0.848007469792941
"95","2020",2,29,"neutral",17048,0.112127448716344
"96","2020",2,29,"positive",5980,0.0398650814907148
"97","2020",3,1,"negative",76045,0.830353354856259
"98","2020",3,1,"neutral",11729,0.117814908274342
"99","2020",3,1,"positive",4786,0.0518317368693989
"100","2020",3,2,"negative",71058,0.821040809130405
"101","2020",3,2,"neutral",9772,0.112879925686439
"102","2020",3,2,"positive",5767,0.0660792651831563
"103","2020",3,3,"negative",114104,0.815113702929451
"104","2020",3,3,"neutral",16200,0.123843962721781
"105","2020",3,3,"positive",7287,0.0610423343487683
"106","2020",3,4,"negative",166106,0.847639662811735
"107","2020",3,4,"neutral",21978,0.11483582997213
"108","2020",3,4,"positive",7254,0.0375245072161354
"109","2020",3,5,"negative",110528,0.850664447530486
"110","2020",3,5,"neutral",13000,0.10057040587301
"111","2020",3,5,"positive",6251,0.0487651465965042
"112","2020",3,6,"negative",114889,0.841376234499124
"113","2020",3,6,"neutral",13360,0.0982000543201701
"114","2020",3,6,"positive",8149,0.060423711180706
"115","2020",3,7,"negative",124766,0.847632504793588
"116","2020",3,7,"neutral",13841,0.0934995951910981
"117","2020",3,7,"positive",8393,0.0588679000153143
"118","2020",3,8,"negative",114280,0.832005016558635
"119","2020",3,8,"neutral",16164,0.118452830012907
"120","2020",3,8,"positive",6799,0.0495421534284573
"121","2020",3,9,"negative",115926,0.819362030882234
"122","2020",3,9,"neutral",15473,0.109645045162706
"123","2020",3,9,"positive",10644,0.0709929239550595
"124","2020",3,10,"negative",171822,0.838898486816793
"125","2020",3,10,"neutral",20577,0.100905813256212
"126","2020",3,10,"positive",12221,0.0601956999269944
"127","2020",3,11,"negative",170425,0.833374043089317
"128","2020",3,11,"neutral",20940,0.102216904004357
"129","2020",3,11,"positive",13254,0.0644090529063269
"130","2020",3,12,"negative",153053,0.822991255757505
"131","2020",3,12,"neutral",20000,0.107106038330782
"132","2020",3,12,"positive",12995,0.0699027059117131
"133","2020",3,13,"negative",159202,0.83533330563529
"134","2020",3,13,"neutral",19756,0.103819993523126
"135","2020",3,13,"positive",11537,0.0608467008415843
"136","2020",3,14,"negative",178902,0.841684778624223
"137","2020",3,14,"neutral",21478,0.0986246427032825
"138","2020",3,14,"positive",12938,0.0596905786724946
"139","2020",3,15,"negative",175465,0.818966460038885
"140","2020",3,15,"neutral",25339,0.117764991788614
"141","2020",3,15,"positive",13508,0.0632685481725007
"142","2020",3,16,"negative",176205,0.841330708674808
"143","2020",3,16,"neutral",19466,0.0927364008885692
"144","2020",3,16,"positive",13483,0.0659328904366234
"145","2020",3,17,"negative",386829,0.833160790210667
"146","2020",3,17,"neutral",45579,0.0980840212730413
"147","2020",3,17,"positive",31535,0.068755188516292
"148","2020",3,18,"negative",241786,0.846568160936447
"149","2020",3,18,"neutral",25328,0.0923916025793569
"150","2020",3,18,"positive",16926,0.0610402364841961
"151","2020",3,19,"negative",418491,0.848456895852842
"152","2020",3,19,"neutral",45157,0.0918629809468731
"153","2020",3,19,"positive",28849,0.0596801232002851
"154","2020",3,20,"negative",439397,0.859270782707017
"155","2020",3,20,"neutral",45096,0.087947554458986
"156","2020",3,20,"positive",26840,0.0527816628339976
"157","2020",3,21,"negative",449356,0.848209954015284
"158","2020",3,21,"neutral",48930,0.0925879560389568
"159","2020",3,21,"positive",30535,0.0592020899457588
"160","2020",3,22,"negative",425303,0.845815076610442
"161","2020",3,22,"neutral",51128,0.0994911408077238
"162","2020",3,22,"positive",27381,0.0546937825818346
"163","2020",3,23,"negative",359212,0.839640572740335
"164","2020",3,23,"neutral",41821,0.0981397062630594
"165","2020",3,23,"positive",26169,0.0622197209966057
"166","2020",3,24,"negative",94997,0.817623992727704
"167","2020",3,24,"neutral",13146,0.113602660413817
"168","2020",3,24,"positive",7967,0.0687733468584788
"169","2020",3,25,"negative",149673,0.822973125549314
"170","2020",3,25,"neutral",20532,0.110860292320652
"171","2020",3,25,"positive",11680,0.066166582130034
"172","2020",3,26,"negative",404234,0.850678957258963
"173","2020",3,26,"neutral",44766,0.0943190753432639
"174","2020",3,26,"positive",26007,0.0550019673977734
"175","2020",3,27,"negative",332813,0.855137168007856
"176","2020",3,27,"neutral",35537,0.0914262060693116
"177","2020",3,27,"positive",20715,0.0534366259228319
"178","2020",3,28,"negative",387482,0.840528591719862
"179","2020",3,28,"neutral",47640,0.104277896114364
"180","2020",3,28,"positive",25672,0.0551935121657736
"181","2020",3,29,"negative",423273,0.848786562664766
"182","2020",3,29,"neutral",44326,0.0896183409776941
"183","2020",3,29,"positive",29703,0.0615950963575398
"184","2020",3,30,"negative",248915,0.836966019023498
"185","2020",3,30,"neutral",28539,0.100096530288647
"186","2020",3,30,"positive",18068,0.0629374506878553
"187","2020",3,31,"negative",104416,0.826486925647979
"188","2020",3,31,"neutral",14021,0.110656817174493
"189","2020",3,31,"positive",7711,0.0628562571775289
"190","2020",4,1,"negative",247246,0.824984923815539
"191","2020",4,1,"neutral",31404,0.113192762327486
"192","2020",4,1,"positive",17829,0.0618223138569747
"193","2020",4,2,"negative",351053,0.840803581519478
"194","2020",4,2,"neutral",42132,0.10143858351356
"195","2020",4,2,"positive",23496,0.0577578349669622
"196","2020",4,3,"negative",367297,0.847848590290213
"197","2020",4,3,"neutral",41789,0.0967788690344351
"198","2020",4,3,"positive",23569,0.0553725406753522
"199","2020",4,4,"negative",396984,0.843931918528276
"200","2020",4,4,"neutral",45331,0.0959964584931348
"201","2020",4,4,"positive",27927,0.0600716229785891
"202","2020",4,5,"negative",395357,0.845439929955573
"203","2020",4,5,"neutral",45664,0.0974593030356495
"204","2020",4,5,"positive",26097,0.0571007670087778
"205","2020",4,6,"negative",383419,0.843101046186365
"206","2020",4,6,"neutral",45086,0.100858489229294
"207","2020",4,6,"positive",24936,0.0560404645843408
"208","2020",4,7,"negative",408612,0.849137951950583
"209","2020",4,7,"neutral",45844,0.0950565834510533
"210","2020",4,7,"positive",26560,0.0558054645983637
"211","2020",4,8,"negative",266948,0.841214187081233
"212","2020",4,8,"neutral",29124,0.0962375485263836
"213","2020",4,8,"positive",19374,0.062548264392383
"214","2020",4,9,"negative",252685,0.845453982946931
"215","2020",4,9,"neutral",27470,0.0972537416095407
"216","2020",4,9,"positive",16849,0.0572922754435281
"217","2020",4,10,"negative",408457,0.852919510517531
"218","2020",4,10,"neutral",44164,0.0914281123072074
"219","2020",4,10,"positive",26433,0.0556523771752613
"220","2020",4,11,"negative",412631,0.847515655273719
"221","2020",4,11,"neutral",47551,0.0985398251177391
"222","2020",4,11,"positive",25876,0.0539445196085414
"223","2020",4,12,"negative",450951,0.852208791883675
"224","2020",4,12,"neutral",49291,0.0927502481452792
"225","2020",4,12,"positive",28356,0.0550409599710453
"226","2020",4,13,"negative",424274,0.845796374562473
"227","2020",4,13,"neutral",48197,0.0973112437791868
"228","2020",4,13,"positive",28064,0.05689238165834
"229","2020",4,14,"negative",393946,0.844615267774898
"230","2020",4,14,"neutral",45364,0.0980953402016932
"231","2020",4,14,"positive",26182,0.0572893920234087
"232","2020",4,15,"negative",404207,0.851484058783834
"233","2020",4,15,"neutral",43191,0.0909934019505459
"234","2020",4,15,"positive",27073,0.0575225392656198
"235","2020",4,16,"negative",405970,0.85091496756131
"236","2020",4,16,"neutral",43862,0.0915742266210001
"237","2020",4,16,"positive",26962,0.0575108058176899
"238","2020",4,17,"negative",377883,0.847017868671471
"239","2020",4,17,"neutral",41799,0.0927792856393917
"240","2020",4,17,"positive",26739,0.0602028456891374
"241","2020",4,18,"negative",279412,0.834473550286064
"242","2020",4,18,"neutral",34342,0.101367076517931
"243","2020",4,18,"positive",21300,0.0641593731960048
"244","2020",4,19,"negative",369450,0.840155572641439
"245","2020",4,19,"neutral",41912,0.0950015845585333
"246","2020",4,19,"positive",27832,0.0648428428000275
"247","2020",4,20,"negative",377497,0.848251457799154
"248","2020",4,20,"neutral",43352,0.0960302661385274
"249","2020",4,20,"positive",24289,0.0557182760623186
"250","2020",4,21,"negative",97250,0.828477968528693
"251","2020",4,21,"neutral",13412,0.114919546258158
"252","2020",4,21,"positive",6617,0.0566024852131487
"253","2020",4,22,"negative",368626,0.843097260690071
"254","2020",4,22,"neutral",39976,0.0914675139028219
"255","2020",4,22,"positive",28317,0.0654352254071069
"256","2020",4,23,"negative",314179,0.83179337686993
"257","2020",4,23,"neutral",37093,0.0985665179619809
"258","2020",4,23,"positive",26367,0.0696401051680894
"259","2020",4,24,"negative",262754,0.840028348861339
"260","2020",4,24,"neutral",29877,0.0954818059385447
"261","2020",4,24,"positive",19587,0.0644898452001158
"262","2020",4,25,"negative",343061,0.849893879697673
"263","2020",4,25,"neutral",36365,0.0903053175052914
"264","2020",4,25,"positive",23149,0.0598008027970353
"265","2020",4,26,"negative",342227,0.852045987969625
"266","2020",4,26,"neutral",36096,0.0897698483728877
"267","2020",4,26,"positive",23452,0.0581841636574869
"268","2020",4,27,"negative",323815,0.849057710761946
"269","2020",4,27,"neutral",35756,0.0930770883999899
"270","2020",4,27,"positive",22102,0.057865200838064
"271","2020",4,28,"negative",235769,0.842224181948546
"272","2020",4,28,"neutral",28357,0.103832327413207
"273","2020",4,28,"positive",15449,0.0539434906382466
"274","2020",4,29,"negative",229366,0.838117879840225
"275","2020",4,29,"neutral",26942,0.101726852183061
"276","2020",4,29,"positive",15536,0.0601552679767138
"277","2020",4,30,"negative",336736,0.841801155285968
"278","2020",4,30,"neutral",39071,0.0973259636242541
"279","2020",4,30,"positive",24104,0.0608728810897776
"280","2020",5,1,"negative",299551,0.848113850933369
"281","2020",5,1,"neutral",33815,0.0947346947589923
"282","2020",5,1,"positive",19805,0.0571514543076384
"283","2020",5,2,"negative",336677,0.841188924607892
"284","2020",5,2,"neutral",40472,0.100575681691135
"285","2020",5,2,"positive",22628,0.0582353937009731
"286","2020",5,3,"negative",337846,0.851738734415908
"287","2020",5,3,"neutral",40768,0.100189304188856
"288","2020",5,3,"positive",18928,0.0480719613952362
"289","2020",5,4,"negative",314688,0.840439085210788
"290","2020",5,4,"neutral",38906,0.102879426666581
"291","2020",5,4,"positive",21010,0.0566814881226311
"292","2020",5,5,"negative",180157,0.825013090130981
"293","2020",5,5,"neutral",24663,0.11278750564072
"294","2020",5,5,"positive",12951,0.0621994042282995
"295","2020",5,6,"negative",296784,0.832616159004129
"296","2020",5,6,"neutral",38038,0.105245736026655
"297","2020",5,6,"positive",21525,0.062138104969216
"298","2020",5,7,"negative",328535,0.833640750391106
"299","2020",5,7,"neutral",40964,0.102586753397709
"300","2020",5,7,"positive",24970,0.0637724962111848
"301","2020",5,8,"negative",338396,0.831024961256643
"302","2020",5,8,"neutral",42785,0.105425768768064
"303","2020",5,8,"positive",25255,0.0635492699752923
"304","2020",5,9,"negative",294714,0.813474557645884
"305","2020",5,9,"neutral",44074,0.122688452723661
"306","2020",5,9,"positive",22807,0.0638369896304551
"307","2020",5,10,"negative",287745,0.832972232556212
"308","2020",5,10,"neutral",37924,0.109709595752788
"309","2020",5,10,"positive",19603,0.0573181716910004
"310","2020",5,11,"negative",317824,0.838032619801002
"311","2020",5,11,"neutral",39129,0.103313687726579
"312","2020",5,11,"positive",21920,0.058653692472419
"313","2020",5,12,"negative",298804,0.839956426680505
"314","2020",5,12,"neutral",36639,0.102301358916313
"315","2020",5,12,"positive",20396,0.0577422144031827
"316","2020",5,13,"negative",184500,0.836446308081575
"317","2020",5,13,"neutral",22707,0.101461226934867
"318","2020",5,13,"positive",12319,0.0623362022904348
"319","2020",11,16,"negative",167874,0.790465878275211
"320","2020",11,16,"neutral",27683,0.130226264195662
"321","2020",11,16,"positive",17312,0.0778819183289558
"322","2020",11,17,"negative",289952,0.807589436995185
"323","2020",11,17,"neutral",43229,0.122052922960233
"324","2020",11,17,"positive",23542,0.0703576400445819
"325","2020",11,18,"negative",303824,0.808762315853251
"326","2020",11,18,"neutral",44525,0.11919705485594
"327","2020",11,18,"positive",27314,0.0720406292908092
"328","2020",11,19,"negative",273404,0.807914027378074
"329","2020",11,19,"neutral",39607,0.117495606403062
"330","2020",11,19,"positive",24549,0.074590366218864
"331","2020",11,20,"negative",311252,0.824215728493716
"332","2020",11,20,"neutral",42089,0.112158149862498
"333","2020",11,20,"positive",23389,0.0636261216437862
"334","2020",11,21,"negative",273200,0.827886273980476
"335","2020",11,21,"neutral",38203,0.116104896092235
"336","2020",11,21,"positive",18079,0.0560088299272898
"337","2020",11,22,"negative",300946,0.840764937562363
"338","2020",11,22,"neutral",40579,0.114224591185124
"339","2020",11,22,"positive",16056,0.045010471252513
"340","2020",11,23,"negative",344010,0.82399169733051
"341","2020",11,23,"neutral",51844,0.122285418438804
"342","2020",11,23,"positive",22350,0.0537228842306867
"343","2020",11,24,"negative",358296,0.818425605906426
"344","2020",11,24,"neutral",56099,0.128275282475654
"345","2020",11,24,"positive",22894,0.0532991116179203
"346","2020",11,25,"negative",342738,0.821128392541841
"347","2020",11,25,"neutral",47179,0.112630871762187
"348","2020",11,25,"positive",28154,0.0662407356959721
"349","2020",11,26,"negative",349428,0.83756969493887
"350","2020",11,26,"neutral",43795,0.106335102636429
"351","2020",11,26,"positive",22660,0.0560952024247005
"352","2020",11,27,"negative",331857,0.833585721778971
"353","2020",11,27,"neutral",44573,0.110458042746765
"354","2020",11,27,"positive",22180,0.0559562354742646
"355","2020",11,28,"negative",259672,0.82753044625285
"356","2020",11,28,"neutral",36686,0.11657291019439
"357","2020",11,28,"positive",17220,0.0558966435527599
"358","2020",11,29,"negative",290393,0.83775729106312
"359","2020",11,29,"neutral",35805,0.106702610135182
"360","2020",11,29,"positive",18725,0.0555400988016971
"361","2020",11,30,"negative",326581,0.813705840016362
"362","2020",11,30,"neutral",50372,0.121395536713696
"363","2020",11,30,"positive",25559,0.0648986232699419
"364","2020",12,1,"negative",344693,0.753126512840926
"365","2020",12,1,"neutral",91241,0.198005084256729
"366","2020",12,1,"positive",21884,0.0488684029023448
"367","2020",12,2,"negative",257727,0.806473750421515
"368","2020",12,2,"neutral",43158,0.138936979452955
"369","2020",12,2,"positive",17798,0.0545892701255295
"370","2020",12,3,"negative",187672,0.814849000374435
"371","2020",12,3,"neutral",29073,0.123449401230673
"372","2020",12,3,"positive",14089,0.0617015983948919
"373","2020",12,4,"negative",324085,0.83198963159337
"374","2020",12,4,"neutral",44415,0.114838257555227
"375","2020",12,4,"positive",20710,0.0531721108514029
"376","2020",12,5,"negative",252542,0.797911106011713
"377","2020",12,5,"neutral",41693,0.132248251971659
"378","2020",12,5,"positive",22263,0.0698406420166272
"379","2020",12,6,"negative",238454,0.81937257797543
"380","2020",12,6,"neutral",36112,0.12643709676535
"381","2020",12,6,"positive",15433,0.0541903252592202
"382","2020",12,7,"negative",253129,0.813929656600847
"383","2020",12,7,"neutral",41463,0.134790857781418
"384","2020",12,7,"positive",16143,0.0512794856177351
"385","2020",12,8,"negative",310031,0.827238736965345
"386","2020",12,8,"neutral",44941,0.122614284828249
"387","2020",12,8,"positive",18894,0.0501469782064066
"388","2020",12,9,"negative",365570,0.825554190099947
"389","2020",12,9,"neutral",51884,0.119714000268192
"390","2020",12,9,"positive",23963,0.0547318096318617
"391","2020",12,10,"negative",355040,0.837817225653996
"392","2020",12,10,"neutral",46440,0.11001944707145
"393","2020",12,10,"positive",22543,0.0521633272745541
"394","2020",12,11,"negative",318444,0.824122023637557
"395","2020",12,11,"neutral",45660,0.11810931056691
"396","2020",12,11,"positive",22633,0.057768665795532
"397","2020",12,12,"negative",347096,0.834128953009048
"398","2020",12,12,"neutral",45942,0.10940832631068
"399","2020",12,12,"positive",23193,0.0564627206802718
"400","2020",12,13,"negative",332310,0.828744011955976
"401","2020",12,13,"neutral",45516,0.116959035373485
"402","2020",12,13,"positive",20284,0.0542969526705391
"403","2020",12,14,"negative",381934,0.82424345117364
"404","2020",12,14,"neutral",53960,0.115830760083252
"405","2020",12,14,"positive",27766,0.0599257887431077
"406","2020",12,15,"negative",387158,0.824414665483641
"407","2020",12,15,"neutral",51878,0.109452215096257
"408","2020",12,15,"positive",29760,0.066133119420102
"409","2020",12,16,"negative",394671,0.831296797818425
"410","2020",12,16,"neutral",51268,0.10815206524206
"411","2020",12,16,"positive",28709,0.0605511369395145
"412","2020",12,17,"negative",408947,0.845032384384344
"413","2020",12,17,"neutral",51027,0.104753616057012
"414","2020",12,17,"positive",24227,0.0502139995586446
"415","2020",12,18,"negative",399453,0.820240295367911
"416","2020",12,18,"neutral",55748,0.115036695377987
"417","2020",12,18,"positive",31002,0.0647230092541022
"418","2020",12,19,"negative",356419,0.830003306870574
"419","2020",12,19,"neutral",42875,0.100147026025981
"420","2020",12,19,"positive",30234,0.0698496671034457
"421","2020",12,20,"negative",465554,0.848794432357816
"422","2020",12,20,"neutral",54892,0.0992999536473351
"423","2020",12,20,"positive",27841,0.0519056139948487
"424","2020",12,21,"negative",587456,0.828144184778947
"425","2020",12,21,"neutral",88254,0.123477199635044
"426","2020",12,21,"positive",34107,0.0483786155860093
"427","2020",12,22,"negative",414409,0.82699175167276
"428","2020",12,22,"neutral",61942,0.123595628181817
"429","2020",12,22,"positive",24698,0.0494126201454232
"430","2020",12,23,"negative",482213,0.841937719831418
"431","2020",12,23,"neutral",60954,0.105076175640144
"432","2020",12,23,"positive",30227,0.0529861045284377
"433","2020",12,24,"negative",478561,0.856174392867252
"434","2020",12,24,"neutral",53663,0.0966041745058103
"435","2020",12,24,"positive",25518,0.0472214326269373
"436","2020",12,25,"negative",336141,0.855413375693289
"437","2020",12,25,"neutral",39380,0.101851285796266
"438","2020",12,25,"positive",16082,0.0427353385104447
"439","2020",12,26,"negative",439644,0.83797401437612
"440","2020",12,26,"neutral",58657,0.111578140319725
"441","2020",12,26,"positive",27969,0.050447845304155
"442","2020",12,27,"negative",586860,0.858021821793766
"443","2020",12,27,"neutral",65061,0.0980585624537843
"444","2020",12,27,"positive",28828,0.0439196157524496
"445","2020",12,28,"negative",517958,0.8507037209996
"446","2020",12,28,"neutral",63657,0.104125151094372
"447","2020",12,28,"positive",27088,0.0451711279060289
"448","2020",12,29,"negative",463217,0.829283953350371
"449","2020",12,29,"neutral",61775,0.110335905092181
"450","2020",12,29,"positive",34515,0.0603801415574475
"451","2020",12,30,"negative",486289,0.834033644975328
"452","2020",12,30,"neutral",69127,0.115640087751205
"453","2020",12,30,"positive",29134,0.0503262672734672
"454","2020",12,31,"negative",419770,0.822195993281768
"455","2020",12,31,"neutral",54669,0.110789628737748
"456","2020",12,31,"positive",33129,0.0670143779804841
"457","2021",1,1,"negative",368610,0.805223122873299
"458","2021",1,1,"neutral",62713,0.141191871496725
"459","2021",1,1,"positive",24662,0.0535850056299757
"460","2021",1,2,"negative",405030,0.813454856406395
"461","2021",1,2,"neutral",62323,0.130264117645505
"462","2021",1,2,"positive",26555,0.0562810259481005
"463","2021",1,3,"negative",417307,0.841509078190298
"464","2021",1,3,"neutral",54533,0.108977765417506
"465","2021",1,3,"positive",24380,0.0495131563921963
"466","2021",1,4,"negative",550545,0.849585360945461
"467","2021",1,4,"neutral",67868,0.103075029699578
"468","2021",1,4,"positive",30726,0.0473396093549609
"469","2021",1,5,"negative",563047,0.827016118457159
"470","2021",1,5,"neutral",77907,0.117124260925714
"471","2021",1,5,"positive",35840,0.0558596206171267
"472","2021",1,6,"negative",490741,0.830622319128233
"473","2021",1,6,"neutral",61069,0.103133697045831
"474","2021",1,6,"positive",37407,0.0662439838259357
"475","2021",1,7,"negative",493269,0.841514687884949
"476","2021",1,7,"neutral",60567,0.104206998261176
"477","2021",1,7,"positive",31101,0.0542783138538755
"478","2021",1,8,"negative",596130,0.845458725023516
"479","2021",1,8,"neutral",68875,0.0977954686100766
"480","2021",1,8,"positive",38507,0.0567458063664069
"481","2021",1,9,"negative",483423,0.844477565225403
"482","2021",1,9,"neutral",59005,0.101662446888567
"483","2021",1,9,"positive",31048,0.0538599878860292
"484","2021",1,10,"negative",527903,0.84478400590408
"485","2021",1,10,"neutral",67812,0.104290440529001
"486","2021",1,10,"positive",30487,0.0509255535669191
"487","2021",1,11,"negative",605625,0.831856674604113
"488","2021",1,11,"neutral",83293,0.113050105095465
"489","2021",1,11,"positive",38389,0.0550932203004218
"490","2021",1,12,"negative",516931,0.838475598518095
"491","2021",1,12,"neutral",68779,0.109732238945378
"492","2021",1,12,"positive",30938,0.0517921625365269
"493","2021",1,13,"negative",542330,0.834868490427597
"494","2021",1,13,"neutral",73995,0.113386299266035
"495","2021",1,13,"positive",33814,0.0517452103063683
"496","2021",1,14,"negative",540574,0.830868814133302
"497","2021",1,14,"neutral",73768,0.108838078486097
"498","2021",1,14,"positive",39514,0.0602931073806012
"499","2021",1,15,"negative",417573,0.832054866437958
"500","2021",1,15,"neutral",53066,0.106039151504439
"501","2021",1,15,"positive",31647,0.0619059820576027
"502","2021",1,16,"negative",538305,0.842327090121986
"503","2021",1,16,"neutral",64532,0.101280639455272
"504","2021",1,16,"positive",36318,0.056392270422742
"505","2021",1,17,"negative",531522,0.838687979266786
"506","2021",1,17,"neutral",70416,0.108078867312645
"507","2021",1,17,"positive",34671,0.0532331534205693
"508","2021",1,18,"negative",590305,0.799019319380549
"509","2021",1,18,"neutral",101724,0.130998761523082
"510","2021",1,18,"positive",53162,0.0699819190963691
"511","2021",1,19,"negative",570488,0.824637518450906
"512","2021",1,19,"neutral",77012,0.112355038501005
"513","2021",1,19,"positive",43528,0.0630074430480888
"514","2021",1,20,"negative",638364,0.847680622243636
"515","2021",1,20,"neutral",80970,0.106250520536017
"516","2021",1,20,"positive",34071,0.0460688572203471
"517","2021",1,21,"negative",565838,0.840300039108226
"518","2021",1,21,"neutral",72358,0.106110532540216
"519","2021",1,21,"positive",33963,0.0535894283515577
"520","2021",1,22,"negative",693599,0.840280703085469
"521","2021",1,22,"neutral",87900,0.109590855460039
"522","2021",1,22,"positive",42005,0.0501284414544925
"523","2021",1,23,"negative",607437,0.829615829392061
"524","2021",1,23,"neutral",75955,0.102303184032683
"525","2021",1,23,"positive",50470,0.0680809865752555
"526","2021",1,24,"negative",631534,0.857940949023305
"527","2021",1,24,"neutral",66357,0.0905546176762274
"528","2021",1,24,"positive",35851,0.0515044333004676
"529","2021",1,25,"negative",1008908,0.855990473442188
"530","2021",1,25,"neutral",117909,0.100126113200892
"531","2021",1,25,"positive",50670,0.0438834133569198
"532","2021",1,26,"negative",803359,0.850758013068575
"533","2021",1,26,"neutral",94453,0.101232033834785
"534","2021",1,26,"positive",45219,0.0480099530966399
"535","2021",1,27,"negative",749502,0.860830366288567
"536","2021",1,27,"neutral",81726,0.0938570847207213
"537","2021",1,27,"positive",38761,0.0453125489907117
"538","2021",1,28,"negative",598153,0.841325136219711
"539","2021",1,28,"neutral",69645,0.0960792086804805
"540","2021",1,28,"positive",44953,0.062595655099809
"541","2021",1,29,"negative",552453,0.839617859540978
"542","2021",1,29,"neutral",63394,0.0966170068086121
"543","2021",1,29,"positive",39871,0.0637651336504102
"544","2021",1,30,"negative",528084,0.821475596996594
"545","2021",1,30,"neutral",74676,0.115928500354271
"546","2021",1,30,"positive",40135,0.0625959026491347
"547","2021",1,31,"negative",560707,0.824479442889302
"548","2021",1,31,"neutral",85455,0.125825511959492
"549","2021",1,31,"positive",31266,0.0496950451512058
"550","2021",2,1,"negative",557766,0.834121760109438
"551","2021",2,1,"neutral",76539,0.115029189623346
"552","2021",2,1,"positive",34235,0.0508490502672167
"553","2021",2,2,"negative",579165,0.835074540175826
"554","2021",2,2,"neutral",75550,0.106948552416007
"555","2021",2,2,"positive",39074,0.0579769074081665
"556","2021",2,3,"negative",558449,0.841154331446049
"557","2021",2,3,"neutral",71663,0.107797132831765
"558","2021",2,3,"positive",33962,0.0510485357221861
"559","2021",2,4,"negative",501926,0.842232395346674
"560","2021",2,4,"neutral",61167,0.102343919453037
"561","2021",2,4,"positive",32428,0.0554236852002895
"562","2021",2,5,"negative",489854,0.83091280340644
"563","2021",2,5,"neutral",60193,0.103666234800235
"564","2021",2,5,"positive",39105,0.0654209617933249
"565","2021",2,6,"negative",244651,0.864460597877638
"566","2021",2,6,"neutral",26683,0.0917762702630262
"567","2021",2,6,"positive",12724,0.043763131859336
"568","2021",2,7,"negative",428666,0.83457291241199
"569","2021",2,7,"neutral",57090,0.108665811799759
"570","2021",2,7,"positive",30021,0.0567612757882515
"571","2021",2,8,"negative",507233,0.834681055821786
"572","2021",2,8,"neutral",62999,0.105168695182813
"573","2021",2,8,"positive",36802,0.060150248995401
"574","2021",2,9,"negative",511824,0.854984109148196
"575","2021",2,9,"neutral",56307,0.0923470395385851
"576","2021",2,9,"positive",30895,0.0526688513132187
"577","2021",2,10,"negative",504085,0.857097292306382
"578","2021",2,10,"neutral",55428,0.0930057653050623
"579","2021",2,10,"positive",28741,0.0498969423885553
"580","2021",2,11,"negative",438585,0.851889267256415
"581","2021",2,11,"neutral",50036,0.0981286376679854
"582","2021",2,11,"positive",25161,0.0499820950755994
"583","2021",2,12,"negative",425642,0.843033634531108
"584","2021",2,12,"neutral",51687,0.102569783127087
"585","2021",2,12,"positive",27597,0.0543965823418052
"586","2021",2,13,"negative",399495,0.842633878745
"587","2021",2,13,"neutral",49768,0.104403699411718
"588","2021",2,13,"positive",24398,0.0529624218432819
"589","2021",2,14,"negative",407827,0.8408699861053
"590","2021",2,14,"neutral",57054,0.116795541366431
"591","2021",2,14,"positive",20251,0.0423344725282681
"592","2021",2,15,"negative",468276,0.848225861426454
"593","2021",2,15,"neutral",55818,0.106057981001448
"594","2021",2,15,"positive",25075,0.0457161575720976
"595","2021",2,16,"negative",559820,0.866262890835634
"596","2021",2,16,"neutral",58422,0.0910014387668515
"597","2021",2,16,"positive",27732,0.0427356703975143
"598","2021",2,17,"negative",529611,0.848138992844691
"599","2021",2,17,"neutral",61526,0.0972473244136497
"600","2021",2,17,"positive",35026,0.0546136827416594
"601","2021",2,18,"negative",525547,0.831036397789223
"602","2021",2,18,"neutral",73260,0.112775402799642
"603","2021",2,18,"positive",33955,0.0561881994111349
"604","2021",2,19,"negative",406456,0.829802418017273
"605","2021",2,19,"neutral",54276,0.113208356850001
"606","2021",2,19,"positive",27567,0.0569892251327261
"607","2021",2,20,"negative",390485,0.845373149449274
"608","2021",2,20,"neutral",43592,0.0977863037061474
"609","2021",2,20,"positive",27228,0.0568405468445789
"610","2021",2,21,"negative",416804,0.85325532134142
"611","2021",2,21,"neutral",43831,0.0912667130777975
"612","2021",2,21,"positive",26792,0.0554779655807829
"613","2021",2,22,"negative",453041,0.845501563672876
"614","2021",2,22,"neutral",53450,0.0984425144934086
"615","2021",2,22,"positive",28797,0.0560559218337151
"616","2021",2,23,"negative",414815,0.830090722095093
"617","2021",2,23,"neutral",59756,0.117588423755811
"618","2021",2,23,"positive",25808,0.0523208541490962
"619","2021",2,24,"negative",387715,0.826252936219378
"620","2021",2,24,"neutral",54443,0.116884457097924
"621","2021",2,24,"positive",27287,0.0568626066826977
"622","2021",2,25,"negative",49638,0.840231848515848
"623","2021",2,25,"neutral",6795,0.085762714047551
"624","2021",2,25,"positive",4032,0.0740054374366012
"625","2021",2,26,"negative",220628,0.841744067649292
"626","2021",2,26,"neutral",25454,0.110415019042622
"627","2021",2,26,"positive",13227,0.0478409133080858
"628","2021",2,27,"negative",171699,0.862045112949976
"629","2021",2,27,"neutral",17610,0.100151596486973
"630","2021",2,27,"positive",9951,0.0378032905630518
"631","2021",2,28,"negative",340831,0.851793904935514
"632","2021",2,28,"neutral",41214,0.103173121991304
"633","2021",2,28,"positive",18830,0.0450329730731822
"634","2021",3,1,"negative",300550,0.838292885434653
"635","2021",3,1,"neutral",44009,0.113871353152089
"636","2021",3,1,"positive",18240,0.0478357614132585
"637","2021",3,2,"negative",432643,0.835133536013595
"638","2021",3,2,"neutral",63766,0.120375407655155
"639","2021",3,2,"positive",24135,0.0444910563312497
"640","2021",3,3,"negative",403104,0.831338624293727
"641","2021",3,3,"neutral",57335,0.120367263152363
"642","2021",3,3,"positive",22880,0.0482941125539106
"643","2021",3,4,"negative",409449,0.798617248208693
"644","2021",3,4,"neutral",70275,0.132855203344212
"645","2021",3,4,"positive",37493,0.0685275484470954
"646","2021",3,5,"negative",360840,0.83043139248857
"647","2021",3,5,"neutral",49365,0.111518981709862
"648","2021",3,5,"positive",24075,0.0580496258015684
"649","2021",3,6,"negative",342482,0.844954926074313
"650","2021",3,6,"neutral",42675,0.10391883615196
"651","2021",3,6,"positive",19628,0.0511262377737271
"652","2021",3,7,"negative",392516,0.855256752364887
"653","2021",3,7,"neutral",45697,0.102124953653671
"654","2021",3,7,"positive",19174,0.0426182939814419
"655","2021",3,8,"negative",403160,0.857082400352357
"656","2021",3,8,"neutral",44076,0.0919890511611331
"657","2021",3,8,"positive",23545,0.0509285484865096
"658","2021",3,9,"negative",372941,0.852088666451749
"659","2021",3,9,"neutral",43504,0.0991883472878471
"660","2021",3,9,"positive",21090,0.0487229862604039
"661","2021",3,10,"negative",383964,0.834537154478874
"662","2021",3,10,"neutral",53106,0.112618727922724
"663","2021",3,10,"positive",24310,0.0528441175984019
"664","2021",3,11,"negative",440990,0.827248101593574
"665","2021",3,11,"neutral",58490,0.110066805204003
"666","2021",3,11,"positive",33438,0.0626850932024226
"667","2021",3,12,"negative",386657,0.819183448013081
"668","2021",3,12,"neutral",52862,0.114323539338009
"669","2021",3,12,"positive",30588,0.0664930126489101
"670","2021",3,13,"negative",377610,0.850200779591125
"671","2021",3,13,"neutral",43962,0.0988098096055206
"672","2021",3,13,"positive",22286,0.0509894108033543
"673","2021",3,14,"negative",385735,0.841146758688273
"674","2021",3,14,"neutral",47794,0.103813589822218
"675","2021",3,14,"positive",24253,0.0550396514895086
"676","2021",3,15,"negative",465602,0.804854467066911
"677","2021",3,15,"neutral",83110,0.1368324467633
"678","2021",3,15,"positive",33708,0.0583130861697888
"679","2021",3,16,"negative",504186,0.795728104194207
"680","2021",3,16,"neutral",91386,0.143437728996913
"681","2021",3,16,"positive",36767,0.0608341668088808
"682","2021",3,17,"negative",474952,0.805092848533805
"683","2021",3,17,"neutral",92477,0.146946877302064
"684","2021",3,17,"positive",28741,0.047960274164131
"685","2021",3,18,"negative",467233,0.830745301132636
"686","2021",3,18,"neutral",66088,0.114926915187018
"687","2021",3,18,"positive",29204,0.0543277836803466
"688","2021",3,19,"negative",479250,0.831596882202082
"689","2021",3,19,"neutral",66639,0.116002099571901
"690","2021",3,19,"positive",30633,0.0524010182260168
"691","2021",3,20,"negative",432322,0.798952434105388
"692","2021",3,20,"neutral",79383,0.139429418993608
"693","2021",3,20,"positive",33113,0.0616181469010044
"694","2021",3,21,"negative",479604,0.816242421221778
"695","2021",3,21,"neutral",74047,0.127670863494155
"696","2021",3,21,"positive",31686,0.0560867152840667
"697","2021",3,22,"negative",595359,0.82242424115463
"698","2021",3,22,"neutral",78019,0.105931500191343
"699","2021",3,22,"positive",49396,0.0716442586540273
"700","2021",3,23,"negative",724475,0.829505198930374
"701","2021",3,23,"neutral",109255,0.121821732105402
"702","2021",3,23,"positive",43448,0.0486730689642248
"703","2021",3,24,"negative",696903,0.835042700860994
"704","2021",3,24,"neutral",98183,0.11714215308523
"705","2021",3,24,"positive",37865,0.0478151460537755
"706","2021",3,25,"negative",638089,0.827001625183813
"707","2021",3,25,"neutral",92890,0.12069588675369
"708","2021",3,25,"positive",41575,0.0523024880624972
"709","2021",3,26,"negative",691425,0.824236574825405
"710","2021",3,26,"neutral",91282,0.109946428911752
"711","2021",3,26,"positive",53303,0.0658169962628436
"712","2021",3,27,"negative",639885,0.79059265115192
"713","2021",3,27,"neutral",83430,0.104875840556445
"714","2021",3,27,"positive",68798,0.104531508291634
"715","2021",3,28,"negative",717585,0.847359474193635
"716","2021",3,28,"neutral",82862,0.0974963881570722
"717","2021",3,28,"positive",43188,0.0551441376492932
"718","2021",3,29,"negative",761253,0.821333040716899
"719","2021",3,29,"neutral",100515,0.10626331249803
"720","2021",3,29,"positive",65744,0.0724036467850704
"721","2021",3,30,"negative",734215,0.819843276031567
"722","2021",3,30,"neutral",112778,0.12050233821032
"723","2021",3,30,"positive",50027,0.059654385758113
"724","2021",3,31,"negative",729982,0.832707873395417
"725","2021",3,31,"neutral",91367,0.10333200932372
"726","2021",3,31,"positive",55560,0.0639601172808631
"727","2021",4,1,"negative",706601,0.829800513818698
"728","2021",4,1,"neutral",99065,0.113629571397525
"729","2021",4,1,"positive",46015,0.0565699147837767
"730","2021",4,2,"negative",619345,0.822145226256591
"731","2021",4,2,"neutral",88769,0.116503037882524
"732","2021",4,2,"positive",43712,0.0613517358608848
"733","2021",4,3,"negative",775408,0.834560921505785
"734","2021",4,3,"neutral",102680,0.106752949214005
"735","2021",4,3,"positive",52923,0.0586861292802102
"736","2021",4,4,"negative",668136,0.828594160342419
"737","2021",4,4,"neutral",98055,0.122555575664517
"738","2021",4,4,"positive",38345,0.048850263993064
"739","2021",4,5,"negative",756859,0.82935416583773
"740","2021",4,5,"neutral",108943,0.118135389893884
"741","2021",4,5,"positive",46493,0.0525104442683853
"742","2021",4,6,"negative",722268,0.813396980652708
"743","2021",4,6,"neutral",111523,0.120288756975854
"744","2021",4,6,"positive",54530,0.0663142623714374
"745","2021",4,7,"negative",825695,0.842960546647256
"746","2021",4,7,"neutral",96815,0.100918877747443
"747","2021",4,7,"positive",53520,0.0561205756053008
"748","2021",4,8,"negative",803442,0.86376939933605
"749","2021",4,8,"neutral",88860,0.0924060951634168
"750","2021",4,8,"positive",39616,0.0438245055005327
"751","2021",4,9,"negative",780095,0.835943914931629
"752","2021",4,9,"neutral",102185,0.107916687074889
"753","2021",4,9,"positive",54237,0.056139397993482
"754","2021",4,10,"negative",745311,0.848124120308866
"755","2021",4,10,"neutral",85879,0.0950613513761201
"756","2021",4,10,"positive",48386,0.0568145283150137
"757","2021",4,11,"negative",568563,0.84851056072925
"758","2021",4,11,"neutral",71606,0.100310477355267
"759","2021",4,11,"positive",34207,0.0511789619154829
"760","2021",4,12,"negative",317495,0.832193155281406
"761","2021",4,12,"neutral",39549,0.104047930145353
"762","2021",4,12,"positive",21521,0.0637589145732415
"763","2021",4,13,"negative",518506,0.839550500142692
"764","2021",4,13,"neutral",60664,0.100404340901315
"765","2021",4,13,"positive",35216,0.0600451589559931
"766","2021",4,14,"negative",525741,0.840665694754767
"767","2021",4,14,"neutral",62526,0.100642577724775
"768","2021",4,14,"positive",35339,0.0586917275204576
"769","2021",4,15,"negative",466367,0.841441373030466
"770","2021",4,15,"neutral",57789,0.103506867961649
"771","2021",4,15,"positive",29570,0.055051759007886
"772","2021",4,16,"negative",499352,0.809262209274384
"773","2021",4,16,"neutral",66591,0.109827565158705
"774","2021",4,16,"positive",48585,0.0809102255669109
"775","2021",4,17,"negative",506658,0.820556556380636
"776","2021",4,17,"neutral",70242,0.119124931098238
"777","2021",4,17,"positive",35701,0.0603185125211261
"778","2021",4,18,"negative",538392,0.848047372425373
"779","2021",4,18,"neutral",61881,0.0958452598671661
"780","2021",4,18,"positive",34440,0.0561073677074608
"781","2021",4,19,"negative",571915,0.820026287902884
"782","2021",4,19,"neutral",75813,0.103730211044804
"783","2021",4,19,"positive",56861,0.0762435010523119
"784","2021",4,20,"negative",566264,0.808213035701451
"785","2021",4,20,"neutral",84027,0.120633029140717
"786","2021",4,20,"positive",46688,0.0711539351578327
"787","2021",4,21,"negative",592567,0.810223205953655
"788","2021",4,21,"neutral",94316,0.126970483346993
"789","2021",4,21,"positive",45423,0.0628063106993522
"790","2021",4,22,"negative",540217,0.829497303926757
"791","2021",4,22,"neutral",71129,0.112597525423351
"792","2021",4,22,"positive",36590,0.057905170649892
"793","2021",4,23,"negative",530368,0.841737137777769
"794","2021",4,23,"neutral",64460,0.10326880383167
"795","2021",4,23,"positive",33467,0.0549940583905607
"796","2021",4,24,"negative",400274,0.836496257533171
"797","2021",4,24,"neutral",55715,0.112921964062006
"798","2021",4,24,"positive",24359,0.0505817784048234
"799","2021",4,25,"negative",463449,0.83508603459407
"800","2021",4,25,"neutral",62229,0.114615865664251
"801","2021",4,25,"positive",26151,0.0502980997416791
"802","2021",4,26,"negative",514154,0.844704658896142
"803","2021",4,26,"neutral",60637,0.100625106137085
"804","2021",4,26,"positive",34756,0.0546702349667726
"805","2021",4,27,"negative",487758,0.833157799308854
"806","2021",4,27,"neutral",59657,0.104217490324635
"807","2021",4,27,"positive",36242,0.0626247103665112
"808","2021",4,28,"negative",447707,0.851703222764939
"809","2021",4,28,"neutral",49419,0.0944802806989057
"810","2021",4,28,"positive",27724,0.0538164965361557
"811","2021",4,29,"negative",440206,0.852915832804267
"812","2021",4,29,"neutral",48618,0.0949066826718649
"813","2021",4,29,"positive",26594,0.0521774845238684
"814","2021",4,30,"negative",420421,0.839935833450246
"815","2021",4,30,"neutral",51572,0.102341425604438
"816","2021",4,30,"positive",27614,0.0577227409453168
"817","2021",5,1,"negative",338289,0.830456343878757
"818","2021",5,1,"neutral",43492,0.110063624496839
"819","2021",5,1,"positive",22097,0.0594800316244035
"820","2021",5,2,"negative",376504,0.845220734730031
"821","2021",5,2,"neutral",45302,0.108442868557305
"822","2021",5,2,"positive",19996,0.0463363967126638
"823","2021",5,3,"negative",424132,0.826006184418008
"824","2021",5,3,"neutral",57583,0.117603038862333
"825","2021",5,3,"positive",26749,0.056390776719659
"826","2021",5,4,"negative",407848,0.817747548084875
"827","2021",5,4,"neutral",57990,0.114408506546314
"828","2021",5,4,"positive",34763,0.0678439453688109
"829","2021",5,5,"negative",385592,0.815183395288078
"830","2021",5,5,"neutral",54240,0.114616392207141
"831","2021",5,5,"positive",29276,0.0702002125047809
"832","2021",5,6,"negative",295443,0.848182095622013
"833","2021",5,6,"neutral",33227,0.0953274227273506
"834","2021",5,6,"positive",20249,0.0564904816506367
"835","2021",5,7,"negative",379549,0.839926168821193
"836","2021",5,7,"neutral",49173,0.108907748422766
"837","2021",5,7,"positive",21572,0.0511660827560404
"838","2021",5,8,"negative",333208,0.852467738455843
"839","2021",5,8,"neutral",37715,0.099222331389402
"840","2021",5,8,"positive",18116,0.0483099301547553
"841","2021",5,9,"negative",335622,0.873300390753698
"842","2021",5,9,"neutral",31780,0.0807680975707414
"843","2021",5,9,"positive",17444,0.0459315116755605
"844","2021",5,10,"negative",366840,0.866613723261371
"845","2021",5,10,"neutral",40915,0.0945726159701793
"846","2021",5,10,"positive",16467,0.0388136607684497
"847","2021",5,11,"negative",159857,0.862840754936515
"848","2021",5,11,"neutral",17569,0.0920373818646031
"849","2021",5,11,"positive",8525,0.0451218631988816
"850","2021",5,12,"negative",318914,0.826029295198618
"851","2021",5,12,"neutral",45439,0.119467097240864
"852","2021",5,12,"positive",21057,0.0545036075605179
"853","2021",5,13,"negative",278319,0.815231200183244
"854","2021",5,13,"neutral",39680,0.11658526150408
"855","2021",5,13,"positive",22566,0.0681835383126761
"856","2021",5,14,"negative",283749,0.828005448390667
"857","2021",5,14,"neutral",36034,0.106335776846716
"858","2021",5,14,"positive",21824,0.065658774762617
"859","2021",5,15,"negative",271224,0.83267386182492
"860","2021",5,15,"neutral",33995,0.101480150118056
"861","2021",5,15,"positive",21283,0.0658459880570245
"862","2021",5,16,"negative",307081,0.839978847072054
"863","2021",5,16,"neutral",35447,0.0995246597794613
"864","2021",5,16,"positive",19771,0.0604964931484852
"865","2021",5,17,"negative",371688,0.845479649778507
"866","2021",5,17,"neutral",44683,0.104868135500942
"867","2021",5,17,"positive",20276,0.049652214720551
"868","2021",5,18,"negative",302587,0.843797482576324
"869","2021",5,18,"neutral",38165,0.110718773143686
"870","2021",5,18,"positive",15255,0.0454837442799899
"871","2021",5,19,"negative",342536,0.853659418406991
"872","2021",5,19,"neutral",37950,0.0964416041911076
"873","2021",5,19,"positive",19428,0.0498989774019012
"874","2021",5,20,"negative",346128,0.846480766913668
"875","2021",5,20,"neutral",44947,0.109255129722293
"876","2021",5,20,"positive",17403,0.0442641033640391
"877","2021",5,21,"negative",358285,0.849222481077178
"878","2021",5,21,"neutral",42837,0.10361223888684
"879","2021",5,21,"positive",18743,0.0471652800359813
"880","2021",5,22,"negative",305334,0.841326707782529
"881","2021",5,22,"neutral",39124,0.104992200057696
"882","2021",5,22,"positive",19128,0.0536810921597749
"883","2021",5,23,"negative",309391,0.841530021318352
"884","2021",5,23,"neutral",38991,0.109076134701007
"885","2021",5,23,"positive",17041,0.0493938439806418
"886","2021",5,24,"negative",375732,0.834130039241399
"887","2021",5,24,"neutral",46497,0.10221368599777
"888","2021",5,24,"positive",25923,0.0636562747608306
"889","2021",5,25,"negative",361127,0.840116062578979
"890","2021",5,25,"neutral",44451,0.102951716973679
"891","2021",5,25,"positive",24706,0.0569322204473422
"892","2021",5,26,"negative",377411,0.858155117177387
"893","2021",5,26,"neutral",39121,0.0913680478970325
"894","2021",5,26,"positive",21107,0.0504768349255804
"895","2021",5,27,"negative",406635,0.856532904593039
"896","2021",5,27,"neutral",43910,0.0943762833316694
"897","2021",5,27,"positive",24271,0.0490908120752917
"898","2021",5,28,"negative",332008,0.824314411596447
"899","2021",5,28,"neutral",42276,0.108263782230601
"900","2021",5,28,"positive",27165,0.0674218061729523
"901","2021",5,29,"negative",301599,0.838208248438561
"902","2021",5,29,"neutral",39649,0.108867199378103
"903","2021",5,29,"positive",18420,0.0529245521833356
"904","2021",5,30,"negative",301989,0.837062984247973
"905","2021",5,30,"neutral",39627,0.111233262029713
"906","2021",5,30,"positive",17405,0.0517037537223138
"907","2021",5,31,"negative",374930,0.852387780808248
"908","2021",5,31,"neutral",41423,0.0973643993237975
"909","2021",5,31,"positive",19915,0.050247819867955
"910","2021",6,1,"negative",356493,0.859150157549786
"911","2021",6,1,"neutral",41213,0.0987489327410894
"912","2021",6,1,"positive",17743,0.042100909709125
"913","2021",6,2,"negative",403488,0.861624608665802
"914","2021",6,2,"neutral",43077,0.0908483986129435
"915","2021",6,2,"positive",21122,0.0475269927212546
"916","2021",6,3,"negative",389588,0.860383817231346
"917","2021",6,3,"neutral",40284,0.0891704955813449
"918","2021",6,3,"positive",22253,0.0504456871873092
"919","2021",6,4,"negative",355559,0.848106787822276
"920","2021",6,4,"neutral",42009,0.102029286561048
"921","2021",6,4,"positive",20283,0.0498639256166761
"922","2021",6,5,"negative",247252,0.867015267813655
"923","2021",6,5,"neutral",25218,0.0883547031878112
"924","2021",6,5,"positive",12539,0.044630028998534
"925","2021",6,6,"negative",223676,0.862491127290008
"926","2021",6,6,"neutral",23224,0.0918937642314074
"927","2021",6,6,"positive",11443,0.0456151084785842
"928","2021",6,7,"negative",327282,0.854751758777865
"929","2021",6,7,"neutral",34955,0.0942290069445176
"930","2021",6,7,"positive",19292,0.0510192342776175
"931","2021",6,8,"negative",347408,0.85403724756962
"932","2021",6,8,"neutral",39573,0.0944016441779165
"933","2021",6,8,"positive",20564,0.0515611082524637
"934","2021",6,9,"negative",312478,0.844512143151573
"935","2021",6,9,"neutral",40020,0.109088582286996
"936","2021",6,9,"positive",17042,0.0463992745614305
"937","2021",6,10,"negative",313271,0.844063080987091
"938","2021",6,10,"neutral",36959,0.10198352087459
"939","2021",6,10,"positive",20078,0.0539533981383191
"940","2021",6,11,"negative",302467,0.840146881112245
"941","2021",6,11,"neutral",40457,0.111016840350097
"942","2021",6,11,"positive",16661,0.0488362785376576
"943","2021",6,12,"negative",336466,0.848678309906129
"944","2021",6,12,"neutral",45559,0.11108475868303
"945","2021",6,12,"positive",15454,0.0402369314108411
"946","2021",6,13,"negative",292062,0.842662410570893
"947","2021",6,13,"neutral",39731,0.114644830272154
"948","2021",6,13,"positive",14871,0.0426927591569523
"949","2021",6,14,"negative",301597,0.839701084082483
"950","2021",6,14,"neutral",40950,0.113893149002908
"951","2021",6,14,"positive",16493,0.0464057669146086
"952","2021",6,15,"negative",327873,0.846212727224813
"953","2021",6,15,"neutral",41151,0.106366052879393
"954","2021",6,15,"positive",17988,0.0474212198957946
"955","2021",6,16,"negative",310628,0.845913233124938
"956","2021",6,16,"neutral",40260,0.105721089636333
"957","2021",6,16,"positive",17872,0.0483656772387285
"958","2021",6,17,"negative",282361,0.84394299279602
"959","2021",6,17,"neutral",36039,0.108642486671987
"960","2021",6,17,"positive",15489,0.0474145205319931
"961","2021",6,18,"negative",303647,0.842390633197042
"962","2021",6,18,"neutral",39230,0.10956922778966
"963","2021",6,18,"positive",17165,0.0480401390132984
"964","2021",6,19,"negative",274158,0.854096977943657
"965","2021",6,19,"neutral",32547,0.101575137993666
"966","2021",6,19,"positive",13685,0.0443278840626766
"967","2021",6,20,"negative",227378,0.828334861214383
"968","2021",6,20,"neutral",32772,0.117860958043882
"969","2021",6,20,"positive",15145,0.0538041807417356
"970","2021",6,21,"negative",274072,0.82672156526108
"971","2021",6,21,"neutral",37209,0.116421113771898
"972","2021",6,21,"positive",18013,0.0568573209670217
"973","2021",6,22,"negative",407784,0.851373355617551
"974","2021",6,22,"neutral",45606,0.0985612548473226
"975","2021",6,22,"positive",22737,0.0500653895351266
"976","2021",6,23,"negative",359665,0.856630509185529
"977","2021",6,23,"neutral",40547,0.0968541224656014
"978","2021",6,23,"positive",19070,0.0465153683488696
"979","2021",6,24,"negative",328616,0.851593811404405
"980","2021",6,24,"neutral",37423,0.0976904728755811
"981","2021",6,24,"positive",19925,0.0507157157200139
"982","2021",6,25,"negative",320215,0.853873092193773
"983","2021",6,25,"neutral",34470,0.0925418016693414
"984","2021",6,25,"positive",18476,0.0535851061368858
"985","2021",6,26,"negative",280113,0.85467347255314
"986","2021",6,26,"neutral",31286,0.0943659509255957
"987","2021",6,26,"positive",16716,0.0509605765212641
"988","2021",6,27,"negative",316155,0.82988210182507
"989","2021",6,27,"neutral",45007,0.124502763321305
"990","2021",6,27,"positive",16725,0.0456151348536246
"991","2021",6,28,"negative",353463,0.846996483987961
"992","2021",6,28,"neutral",44823,0.10479891782518
"993","2021",6,28,"positive",20083,0.0482045981868591
"994","2021",6,29,"negative",325441,0.849200539730184
"995","2021",6,29,"neutral",39347,0.100591885529404
"996","2021",6,29,"positive",19975,0.0502075747404111
"997","2021",6,30,"negative",277632,0.855141885319315
"998","2021",6,30,"neutral",29833,0.0933975437052014
"999","2021",6,30,"positive",16264,0.0514605709754654
"1000","2022",11,1,"negative",38708,0.852257096806799
"1001","2022",11,1,"neutral",4688,0.109187456976172
"1002","2022",11,1,"positive",1777,0.0385554462170286
"1003","2022",11,2,"negative",51271,0.858678818988955
"1004","2022",11,2,"neutral",5150,0.0920239005758159
"1005","2022",11,2,"positive",3003,0.0492972804352293
"1006","2022",11,3,"negative",52153,0.836327962174993
"1007","2022",11,3,"neutral",7486,0.111532390682163
"1008","2022",11,3,"positive",3212,0.0521396471428433
"1009","2022",11,4,"negative",74325,0.865030539830804
"1010","2022",11,4,"neutral",7679,0.0945247630162761
"1011","2022",11,4,"positive",3459,0.0404446971529195
"1012","2022",11,5,"negative",60652,0.817970767686905
"1013","2022",11,5,"neutral",10958,0.141922099555759
"1014","2022",11,5,"positive",3089,0.0401071327573368
"1015","2022",11,6,"negative",50275,0.866783691150399
"1016","2022",11,6,"neutral",5695,0.0952105337683381
"1017","2022",11,6,"positive",2210,0.0380057750812624
"1018","2022",11,7,"negative",53335,0.846007225832372
"1019","2022",11,7,"neutral",8603,0.118978558531577
"1020","2022",11,7,"positive",2191,0.0350142156360506
"1021","2022",11,8,"negative",65906,0.82026657319684
"1022","2022",11,8,"neutral",10396,0.142924047305923
"1023","2022",11,8,"positive",3130,0.0368093794972371
"1024","2022",11,9,"negative",60112,0.856406476192284
"1025","2022",11,9,"neutral",5957,0.0833363710243066
"1026","2022",11,9,"positive",4465,0.0602571527834091
"1027","2022",11,10,"negative",106123,0.877332970353118
"1028","2022",11,10,"neutral",9545,0.0781503010701329
"1029","2022",11,10,"positive",4765,0.044516728576749
"1030","2022",11,11,"negative",101909,0.901971557360962
"1031","2022",11,11,"neutral",7636,0.0673323100841043
"1032","2022",11,11,"positive",3528,0.0306961325549339
"1033","2022",11,12,"negative",68293,0.875467292116965
"1034","2022",11,12,"neutral",6093,0.0767286314134692
"1035","2022",11,12,"positive",3882,0.0478040764695658
"1036","2022",11,13,"negative",60411,0.853671064330174
"1037","2022",11,13,"neutral",6071,0.0848419630401684
"1038","2022",11,13,"positive",4416,0.0614869726296571
"1039","2022",11,14,"negative",63804,0.837840088900432
"1040","2022",11,14,"neutral",7558,0.0959432108004313
"1041","2022",11,14,"positive",5310,0.0662167002991364
"1042","2022",11,15,"negative",62308,0.846471868396627
"1043","2022",11,15,"neutral",6822,0.0912364234479674
"1044","2022",11,15,"positive",4818,0.0622917081554051
"1045","2022",11,16,"negative",60209,0.860028447298607
"1046","2022",11,16,"neutral",6592,0.0936850247305669
"1047","2022",11,16,"positive",3482,0.0462865279708266
"1048","2022",11,17,"negative",72727,0.836572251742471
"1049","2022",11,17,"neutral",10081,0.109291654752381
"1050","2022",11,17,"positive",4805,0.0541360935051482
"1051","2022",11,18,"negative",58457,0.849198153446553
"1052","2022",11,18,"neutral",6918,0.102350024448043
"1053","2022",11,18,"positive",3391,0.0484518221054043
"1054","2022",11,19,"negative",56665,0.835408014719354
"1055","2022",11,19,"neutral",6957,0.10205469787022
"1056","2022",11,19,"positive",4513,0.0625372874104262
"1057","2022",11,20,"negative",36827,0.893117577349482
"1058","2022",11,20,"neutral",2951,0.0718095807063144
"1059","2022",11,20,"positive",1428,0.0350728419442039
"1060","2022",11,21,"negative",38651,0.885295115624269
"1061","2022",11,21,"neutral",3573,0.0784148086672289
"1062","2022",11,21,"positive",1675,0.036290075708502
"1063","2022",11,22,"negative",31288,0.850013105036181
"1064","2022",11,22,"neutral",3489,0.092007651419606
"1065","2022",11,22,"positive",2249,0.0579792435442127
"1066","2022",11,23,"negative",29545,0.821689116044567
"1067","2022",11,23,"neutral",4694,0.12640473725512
"1068","2022",11,23,"positive",1829,0.0519061467003124
"1069","2022",11,24,"negative",38782,0.857157499952227
"1070","2022",11,24,"neutral",4091,0.0945153332124374
"1071","2022",11,24,"positive",2296,0.048327166835336
"1072","2022",11,25,"negative",37212,0.862776359428573
"1073","2022",11,25,"neutral",3656,0.082485938920616
"1074","2022",11,25,"positive",2481,0.0547377016508108
"1075","2022",11,26,"negative",37103,0.885754421255899
"1076","2022",11,26,"neutral",3321,0.0789848820085066
"1077","2022",11,26,"positive",1629,0.0352606967355943
"1078","2022",11,27,"negative",31447,0.841498404401849
"1079","2022",11,27,"neutral",3175,0.0826571215716823
"1080","2022",11,27,"positive",3103,0.0758444740264684
"1081","2022",11,28,"negative",31384,0.803335902780333
"1082","2022",11,28,"neutral",4390,0.110644960701144
"1083","2022",11,28,"positive",3666,0.0860191365185225
"1084","2022",11,29,"negative",35907,0.806843763715535
"1085","2022",11,29,"neutral",4989,0.109388882767953
"1086","2022",11,29,"positive",4136,0.0837673535165119
"1087","2022",11,30,"negative",39630,0.852811920402314
"1088","2022",11,30,"neutral",4016,0.08438275502125
"1089","2022",11,30,"positive",3062,0.0628053245764363
